head,relation,tail,head_id,relation_id,tail_id
[Assertion: #121‹],(05.CAUS),[Assertion: #122‹],74,83,76
[Assertion: #1‹],(01.DESCR),[Conjonction: #1‹],106,124,110
[Conjonction: #1‹],(ET),[Assertion: #11‹],110,125,71
[Assertion: #11‹],(01.DESCR),[Situation: #1‹],71,126,113
[Situation: #1‹],(01.DESCR),[Patient: #x‹],113,127,115
[Patient: #x‹],(02.est_patient_de),[Demande: #d‹],115,128,117
[Demande: #d‹],(05.a_pour_réponse),[Réponse attendue],117,129,130
[Assertion: #7‹],(DESCR),[Personne: #x],180,189,190
[Besoin de Santé: #1‹],(01.DESCR),[Problème de Santé],211,223,224
[Certificat Médical: #1‹],(PAT),[Pratique],411,420,421
[Check-up: #‹],(05.CAUS),[Processus Pathologique Chronique],568,573,574
[Consultation: #c‹],(OCCUR),[Occurrence],726,733,734
[Consultation: #o‹],(OCCUR),[Occurrence],743,750,751
[Demande: #d‹],(02.AGT),[Locuteur],117,778,779
[Prestation: #00‹],(00.de_type),[Consultation],121,785,786
[Prestation: #00‹],(00.de_type),[Renseignement],121,790,791
[Situation: #2‹],(00.de_type),[Rendez-Vous],142,810,811
[Demande: #d‹],(05.CAUS),[Besoin de Santé: #1‹],117,815,211
[Besoin de Santé: #1‹],(01.DESCR),[Conduite à tenir: #1‹],211,843,835
[Conduite à tenir: #1‹],(05.CAUS),[Résultat: #1‹],835,858,851
[Résultat: #1‹],(RESUL-1),[Procédure Sanitaire],851,859,860
[Besoin de Santé: #1‹],(01.DESCR),[Maintien Santé],211,918,919
[Besoin de Santé: #1‹],(01.DESCR),[Prescription],211,947,948
[Besoin de Santé: #1‹],(01.DESCR),[Problème de Santé: #1n‹],211,952,220
[Besoin de Santé: #1‹],(01.DESCR),[Suivi],211,972,973
[Exposition: #OH‹],(QUANT),[Test de FACE: #F‹],1382,1391,1386
[Test de FACE: #F‹],(ITEM),[Test de FACE: #1],1386,1392,1393
[Test de FACE: #F‹],(ITEM),[Test de FACE: #2],1386,1417,1418
[Test de FACE: #F‹],(ITEM),[Test de FACE: #3],1386,1442,1443
[Test de FACE: #F‹],(ITEM),[Test de FACE: #4],1386,1452,1453
[Test de FACE: #F‹],(ITEM),[Test de FACE: #5],1386,1462,1463
[Exposition: #tbc‹],(a_un),[Déroulement: #tbc‹],1499,1506,1501
[Déroulement: #tbc‹],(a_un),[Fin],1501,1512,1513
[Manifestation: #1r‹],(a_début),[Début: #db‹],1941,2002,1999
[Manifestation: #1r‹],(DUR),[Durée: #m - #tdb #‹],1941,2015,2010
[Message: #‹],(10.a_contenu),[Assertion: #9‹],2051,2103,2100
[Patient: #x‹],(---¬),[Personne: #],115,2261,2262
[Patient: #x‹],(02.est_patient_de),[Processus Morbide: #1‹],115,2282,399
[Processus Morbide: #1‹],(01.DESCR),[Diabète],399,2283,2284
[Patient: #x‹],(PAT-1),[Accompagnement],115,2310,2311
[Personne: #x‹],(01.a_age),[Age: #‹],2274,2393,2390
[Problème de Santé: #1n‹],(SIGN),[Manifestation: #1p‹],220,2711,1936
[Processus Morbide: #1‹],(00.TYP),[Trouble Homéostasie],399,2730,2731
[Suivi: #diab‹],(01.DESCR),[Personne: #x],2737,2746,2747
[Prévention: #03‹],(METH),[Injection],2802,2809,2810
[Situation: #1‹],(00.a_lieu),[Lieu],113,3011,3012
[Situation: #e‹],(01.DESCR),[Personne: #x],3015,3022,3023
[Suivi: #01‹],(PAT),[Processus Pathologique Chronique],235,3049,3050
[Suivi: #02‹],(PAT),[Processus Pathologique Chronique],241,3052,3053
[Suivi: #03‹],(PAT),[Processus Pathologique Chronique],247,3056,3057
[Suivi: #04‹],(PAT),[Processus Pathologique Chronique],253,3060,3061
[Suivi: #05‹],(PAT),[Processus Pathologique Chronique],259,3064,3065
[Suivi: #06‹],(PAT),[Processus Pathologique Chronique],265,3068,3069
[Suivi: #07‹],(PAT),[Processus Pathologique Chronique],271,3072,3073
[Suivi: #08‹],(PAT),[Processus Pathologique Chronique],277,3076,3077
[Suivi: #09‹],(PAT),[Processus Pathologique Chronique],283,3080,3081
[Suivi: #10‹],(PAT),[Processus Pathologique Chronique],289,3084,3085
[Suivi: #11‹],(PAT),[Processus Pathologique Chronique],295,3088,3089
[Suivi: #12‹],(PAT),[Processus Pathologique Chronique],301,3092,3093
[Suivi: #13‹],(PAT),[Processus Pathologique Chronique],307,3096,3097
[Suivi: #14‹],(PAT),[Processus Pathologique Chronique],315,3102,3103
[Suivi: #15‹],(PAT),[Processus Pathologique Chronique],321,3106,3107
[Suivi: #16‹],(PAT),[Processus Pathologique Chronique],327,3110,3111
[Suivi: #17‹],(PAT),[Processus Pathologique Chronique],335,3116,3117
[Suivi: #19‹],(PAT),[Processus Pathologique Chronique],343,3127,3128
[Suivi: #20‹],(PAT),[Processus Pathologique Chronique],349,3131,3132
[Suivi: #21‹],(PAT),[Processus Pathologique Chronique],355,3135,3136
[Suivi: #22‹],(PAT),[Processus Pathologique Chronique],361,3139,3140
[Suivi: #23‹],(PAT),[Processus Pathologique Chronique],367,3143,3144
[Suivi: #30‹],(PAT),[Processus Pathologique Chronique],373,3147,3148
[Suivi: #52‹],(PAT),[Processus Pathologique Chronique],379,3151,3152
[Suivi: #60‹],(PAT),[Processus Pathologique Chronique],385,3155,3156
[Suivi: #99‹],(PAT),[Processus Pathologique Chronique],391,3159,3160
[Syndrôme Fébrile: #1‹],(fin),[Fin],1985,3182,3183
[>ANTECEDENTS FAMILIAUX<],(PART-1),[Dossier Médical],0,1,2
[>ANTECEDENTS PERSONNELS<],(PART-1),[Dossier Médical],3,4,5
[Action: #D1],(Objet),[Document],6,7,8
[Allergie],(05.CAUS),[Médicament: #1],9,10,11
[Médicament: #1],(0.a_pour_valeur),[Valeur: #?],11,12,13
[Allergie],(05.CAUS),[Médicament: #2],14,15,16
[Médicament: #2],(0.a_pour_valeur),[Valeur: #?],16,17,18
[Allergie],(05.CAUS),[Médicament: #3],19,20,21
[Médicament: #3],(0.a_pour_valeur),[Valeur: #?],21,22,23
[Allergie],(05.CAUS),[Médicament],24,25,26
[Médicament],(0.a_pour_valeur),[Valeur: #?],26,27,28
[Antécédent personnel: #Kc‹],(05.CAUS),[Hospitalisation],29,30,31
[Hospitalisation],(LOC),[Service],31,32,33
[Service],(a_spécialité),[Cancerologie],33,34,35
[Antériorité],(01.DESCR),[Consultation],36,37,38
[Consultation],(AGT),[Médecin],38,39,40
[Médecin],(a_spécialité),[Spécialité],40,41,42
[Antériorité],(01.DESCR),[Patient],43,44,45
[Patient],(01.PAT),[Evènement],45,46,47
[Evènement],(00.TYP),[Type],47,48,49
[Type],(0.a_pour_valeur),[Valeur: #?],49,50,51
[Antériorité],(01.DESCR),[Patient],52,53,54
[Patient],(01.PAT),[Hospitalisation],54,55,56
[Antériorité],(01.DESCR),[Patient],57,58,59
[Patient],(01.PAT),[Procédure],59,60,61
[Procédure],(00.TYP),[Biologie],61,62,63
[Antériorité],(01.DESCR),[Patient],64,65,66
[Patient],(01.PAT),[Procédure],66,67,68
[Procédure],(00.TYP),[Imagerie médicale],68,69,70
[Assertion: #11‹],(00.Denotatum),[>PATIENT<],71,72,73
[Assertion: #122‹],(01.DESCR),[Médecin: #tt2‹],76,77,78
[Médecin: #tt2‹],(---¬),[Médecin: €],78,79,80
[Médecin: €],(a_une),[Disponibilité],80,81,82
[Assertion: #122‹],(01.DESCR),[Personne: #x30],76,84,85
[Personne: #x30],(---¬),[Personne: €],85,86,87
[Personne: €],(REL-1),[Médecin Traitant: €],87,88,89
[Médecin Traitant: €],(rôle-1),[Médecin: €],89,90,91
[Assertion: #121‹],(05.CAUS),[Assertion: #32],74,92,93
[Assertion: #32],(01.DESCR),[Personne: #x4],93,94,95
[Personne: #x4],(AGT),[Déplacement],95,96,97
[Assertion: #121‹],(05.CAUS),[Autre],74,98,99
[Assertion: #12‹],(00.Denotatum),[>MEDECIN<],100,101,102
[Assertion: #13‹],(00.Denotatum),[>AUTONOMIE<],103,104,105
[Assertion: #1‹],(00.Denotatum),[CONTEXTE],106,107,108
[Réponse attendue],(01.DESCR),[Prestation: #00‹],119,120,121
[Réponse attendue],(01.DESCR),[Prestation: #00‹],130,131,121
[Réponse attendue],(01.DESCR),[Situation: #2‹],140,141,142
[Assertion: #21],(----),[Traitement],145,146,147
[Traitement],(a_cause),[Prescription],147,148,149
[Assertion: #21],(0.a_pour_valeur),[FAUX],150,151,152
[Assertion: #21],(0.a_pour_valeur),[VRAI],153,154,155
[Assertion: #2‹],(01.DESCR),[Demande: #d‹],156,157,117
[Réponse attendue],(01.DESCR),[Prestation: #00‹],159,160,121
[Prestation: #00‹],(07.MNT),[Moment: #t0‹],121,161,162
[Assertion: #5],(0.a_pour_valeur),[FAUX],163,164,165
[Assertion: #5‹],(0.a_pour_valeur),[Faux],166,167,168
[Assertion: #5‹],(0.a_pour_valeur),[Vrai],166,169,170
[Assertion: #6‹],(DQM),[Renseignement: ¬€],171,172,173
[Assertion: #6‹],(DQM),[Renseignement: €],171,174,175
[Assertion: #6‹],(PART-1),[Dossier Médical],171,176,177
[Dossier Médical],(POSS),[Médecin: #z],177,178,179
[Personne: #x],(01.PAT),[Fausse-Couche],182,183,184
[Fausse-Couche],(CARD),[Nombre],184,185,186
[Nombre],(0.a_pour_valeur),[Valeur: #?],186,187,188
[Personne: #x],(01.PAT),[IVG],190,191,192
[IVG],(CARD),[Nombre],192,193,194
[Nombre],(0.a_pour_valeur),[Valeur: #?],194,195,196
[Personne: #x],(AGT),[Accouchement],198,199,200
[Accouchement],(CARD),[Nombre],200,201,202
[Nombre],(0.a_pour_valeur),[Valeur: #?],202,203,204
[ATCD Familial],(0.a_pour_valeur),[Valeur: #?],205,206,207
[Autre demande],(0.a_pour_valeur),[Valeur: #?],208,209,210
[Besoin de Santé: #1‹],(----),[Assertion: #15 ‹],211,212,213
[Besoin de Santé: #1‹],(01.DESCR),[Besoin de Santé perçu],211,214,215
[Problème de Santé],(----),[Besoin de Santé: #1‹],217,218,211
[Problème de Santé: #1n‹],(occurrence),[Occurrence: N>1],220,221,222
[Problème de Santé],(05.CAUS),[Prestation: #1n‹],224,225,226
[Prestation: #1n‹],(a_occurrence),[Occurrence: N=0],226,227,228
[Problème de Santé],(05.CAUS),[Prestation: #1n‹],230,231,226
[Prestation: #1n‹],(a_occurrence),[Occurrence: N≥1],226,232,233
[Besoin de Santé: #1‹],(01.DESCR),[Suivi: #01‹],211,234,235
[Processus Pathologique Chronique],(TYP),[HTA: #1‹],237,238,239
[Besoin de Santé: #1‹],(01.DESCR),[Suivi: #02‹],211,240,241
[Processus Pathologique Chronique],(TYP),[Hyperlipidémie],243,244,245
[Besoin de Santé: #1‹],(01.DESCR),[Suivi: #03‹],211,246,247
[Processus Pathologique Chronique],(TYP),[Insomnie],249,250,251
[Besoin de Santé: #1‹],(01.DESCR),[Suivi: #04‹],211,252,253
[Processus Pathologique Chronique],(TYP),[Surcharge Pondérale],255,256,257
[Besoin de Santé: #1‹],(01.DESCR),[Suivi: #05‹],211,258,259
[Processus Pathologique Chronique],(TYP),[Diabète],261,262,263
[Besoin de Santé: #1‹],(01.DESCR),[Suivi: #06‹],211,264,265
[Processus Pathologique Chronique],(TYP),[Dépression],267,268,269
[Besoin de Santé: #1‹],(01.DESCR),[Suivi: #07‹],211,270,271
[Processus Pathologique Chronique],(TYP),[Maladie Coronarienne],273,274,275
[Besoin de Santé: #1‹],(01.DESCR),[Suivi: #08‹],211,276,277
[Processus Pathologique Chronique],(TYP),[Constipation],279,280,281
[Besoin de Santé: #1‹],(01.DESCR),[Suivi: #09‹],211,282,283
[Processus Pathologique Chronique],(TYP),[Ménopause],285,286,287
[Besoin de Santé: #1‹],(01.DESCR),[Suivi: #10‹],211,288,289
[Processus Pathologique Chronique],(TYP),[Colite],291,292,293
[Besoin de Santé: #1‹],(01.DESCR),[Suivi: #11‹],211,294,295
[Processus Pathologique Chronique],(TYP),[Arthrose],297,298,299
[Besoin de Santé: #1‹],(01.DESCR),[Suivi: #12‹],211,300,301
[Processus Pathologique Chronique],(TYP),[Asthme],303,304,305
[Besoin de Santé: #1‹],(01.DESCR),[Suivi: #13‹],211,306,307
[Processus Pathologique Chronique],(TYP),[Varice],309,310,311
[Varice],(LOC),[Membre Inférieur],311,312,313
[Besoin de Santé: #1‹],(01.DESCR),[Suivi: #14‹],211,314,315
[Processus Pathologique Chronique],(TYP),[Lourdeurs de jambe],317,318,319
[Besoin de Santé: #1‹],(01.DESCR),[Suivi: #15‹],211,320,321
[Processus Pathologique Chronique],(TYP),[Hypothyroïdie],323,324,325
[Besoin de Santé: #1‹],(01.DESCR),[Suivi: #16‹],211,326,327
[Processus Pathologique Chronique],(TYP),[Addiction],329,330,331
[Addiction],(AGT),[Alcool],331,332,333
[Besoin de Santé: #1‹],(01.DESCR),[Suivi: #17‹],211,334,335
[Processus Pathologique Chronique],(TYP),[Addiction],337,338,339
[Addiction],(AGT),[Tabac],339,340,341
[Besoin de Santé: #1‹],(01.DESCR),[Suivi: #19‹],211,342,343
[Processus Pathologique Chronique],(TYP),[Cancer],345,346,347
[Besoin de Santé: #1‹],(01.DESCR),[Suivi: #20‹],211,348,349
[Processus Pathologique Chronique],(TYP),[Fibrillation Auriculaire],351,352,353
[Besoin de Santé: #1‹],(01.DESCR),[Suivi: #21‹],211,354,355
[Processus Pathologique Chronique],(TYP),[Insuffisance Cardiaque],357,358,359
[Besoin de Santé: #1‹],(01.DESCR),[Suivi: #22‹],211,360,361
[Processus Pathologique Chronique],(TYP),[Bronchite Chronique],363,364,365
[Besoin de Santé: #1‹],(01.DESCR),[Suivi: #23‹],211,366,367
[Processus Pathologique Chronique],(TYP),[Apnée du sommeil],369,370,371
[Besoin de Santé: #1‹],(01.DESCR),[Suivi: #30‹],211,372,373
[Processus Pathologique Chronique],(TYP),[Maladie de Parkinson],375,376,377
[Besoin de Santé: #1‹],(01.DESCR),[Suivi: #52‹],211,378,379
[Processus Pathologique Chronique],(TYP),[Eczéma],381,382,383
[Besoin de Santé: #1‹],(01.DESCR),[Suivi: #60‹],211,384,385
[Processus Pathologique Chronique],(TYP),[Maladie Infectieuse],387,388,389
[Besoin de Santé: #1‹],(01.DESCR),[Suivi: #99‹],211,390,391
[Processus Pathologique Chronique],(TYP),[Maladie],393,394,395
[Maladie],(0.a_pour_valeur),[Valeur: #?],395,396,397
[Besoin de Santé: #1‹],(05.CAUS),[Processus Morbide: #1‹],211,398,399
[Processus Morbide: #1‹],(EVOL),[Profil Evolutif],399,400,401
[Profil Evolutif],(00.de_type),[Récurrent],401,402,403
[Besoin de Santé: #1‹],(07.MNT),[Moment: #t0‹],211,404,162
[Biologie],(0.a_pour_valeur),[Faux],405,406,407
[Biologie],(0.a_pour_valeur),[Vrai],408,409,410
[Certificat Médical: #1‹],(PAT),[Arrêt de Travail],411,412,413
[Pratique],(PAT),[Sport: #10‹],415,416,417
[Sport: #10‹],(TYP),[Volley-ball],417,418,419
[Pratique],(PAT),[Sport: #11‹],421,422,423
[Sport: #11‹],(TYP),[Badmington],423,424,425
[Pratique],(PAT),[Sport: #12‹],427,428,429
[Sport: #12‹],(TYP),[Gymnastique],429,430,431
[Pratique],(PAT),[Sport: #13‹],433,434,435
[Sport: #13‹],(TYP),[Boxe],435,436,437
[Pratique],(PAT),[Sport: #14‹],439,440,441
[Sport: #14‹],(TYP),[Vélo-Tout-Terrain],441,442,443
[Pratique],(PAT),[Sport: #15‹],445,446,447
[Sport: #15‹],(TYP),[Judo],447,448,449
[Pratique],(PAT),[Sport: #16‹],451,452,453
[Sport: #16‹],(TYP),[Natation],453,454,455
[Pratique],(PAT),[Sport: #17‹],457,458,459
[Sport: #17‹],(TYP),[Moto-Cross],459,460,461
[Pratique],(PAT),[Sport: #18‹],463,464,465
[Sport: #18‹],(TYP),[Karting],465,466,467
[Pratique],(PAT),[Sport: #19‹],469,470,471
[Sport: #19‹],(TYP),[Course-à-Pied],471,472,473
[Pratique],(PAT),[Sport: #1‹],475,476,477
[Sport: #1‹],(TYP),[Football],477,478,479
[Pratique],(PAT),[Sport: #20‹],481,482,483
[Sport: #20‹],(TYP),[Marathon],483,484,485
[Pratique],(PAT),[Sport: #21‹],487,488,489
[Sport: #21‹],(TYP),[Escalade],489,490,491
[Pratique],(PAT),[Sport: #22‹],493,494,495
[Sport: #22‹],(TYP),[Canoë-Kayak],495,496,497
[Pratique],(PAT),[Sport: #23‹],499,500,501
[Sport: #23‹],(TYP),[Escrime],501,502,503
[Pratique],(PAT),[Sport: #24‹],505,506,507
[Sport: #24‹],(TYP),[Sport de Combat],507,508,509
[Pratique],(PAT),[Sport: #25‹],511,512,513
[Sport: #25‹],(TYP),[Equitation],513,514,515
[Pratique],(PAT),[Sport: #2‹],517,518,519
[Sport: #2‹],(TYP),[Basket-Ball],519,520,521
[Pratique],(PAT),[Sport: #3‹],523,524,525
[Sport: #3‹],(TYP),[Tennis],525,526,527
[Pratique],(PAT),[Sport: #4‹],529,530,531
[Sport: #4‹],(TYP),[Hand-Ball],531,532,533
[Pratique],(PAT),[Sport: #5‹],535,536,537
[Sport: #5‹],(TYP),[Ski],537,538,539
[Pratique],(PAT),[Sport: #6‹],541,542,543
[Sport: #6‹],(TYP),[Musculation],543,544,545
[Pratique],(PAT),[Sport: #7‹],547,548,549
[Sport: #7‹],(TYP),[Ping-Pong],549,550,551
[Pratique],(PAT),[Sport: #8‹],553,554,555
[Sport: #8‹],(TYP),[Cyclisme],555,556,557
[Pratique],(PAT),[Sport: #9‹],559,560,561
[Sport: #9‹],(TYP),[Rugby],561,562,563
[Pratique],(PAT),[Sport],565,566,567
[Check-up: #‹],(05.CAUS),[Cause: ¬€],568,569,570
[Processus Pathologique Chronique],(TYP),[Addiction],574,575,576
[Addiction],(AGT),[Alcool],576,577,578
[Processus Pathologique Chronique],(TYP),[Addiction],580,581,582
[Addiction],(AGT),[Tabac],582,583,584
[Processus Pathologique Chronique],(TYP),[Arthrose],586,587,588
[Processus Pathologique Chronique],(TYP),[Asthme],590,591,592
[Processus Pathologique Chronique],(TYP),[Bronchite Chronique],594,595,596
[Processus Pathologique Chronique],(TYP),[Cancer],598,599,600
[Processus Pathologique Chronique],(TYP),[Colite],602,603,604
[Processus Pathologique Chronique],(TYP),[Constipation],606,607,608
[Processus Pathologique Chronique],(TYP),[Diabète],610,611,612
[Processus Pathologique Chronique],(TYP),[Dépression],614,615,616
[Processus Pathologique Chronique],(TYP),[Eczéma],618,619,620
[Processus Pathologique Chronique],(TYP),[Fibrillation auriculaire],622,623,624
[Processus Pathologique Chronique],(TYP),[HTA: #1‹],626,627,239
[Processus Pathologique Chronique],(TYP),[Hyperlipidémie],629,630,631
[Processus Pathologique Chronique],(TYP),[Hypothyroïdie],633,634,635
[Processus Pathologique Chronique],(TYP),[Insomnie],637,638,639
[Processus Pathologique Chronique],(TYP),[Insuffisance cardiaque],641,642,643
[Processus Pathologique Chronique],(TYP),[Lourdeurs de jambe],645,646,647
[Processus Pathologique Chronique],(TYP),[Maladie coronarienne],649,650,651
[Processus Pathologique Chronique],(TYP),[Maladie de Parkinson],653,654,655
[Processus Pathologique Chronique],(TYP),[Maladie infectieuse],657,658,659
[Processus Pathologique Chronique],(TYP),[Maladie],661,662,663
[Maladie],(0.a_pour_valeur),[Valeur: #?],663,664,665
[Processus Pathologique Chronique],(TYP),[Ménopause],667,668,669
[Processus Pathologique Chronique],(TYP),[Surcharge pondérale],671,672,673
[Processus Pathologique Chronique],(TYP),[Varice des jambes],675,676,677
[Check-up: #‹],(précédent),[Date],568,678,679
[Date],(0.a_pour_valeur),[Valeur: #?],679,680,681
[Chirurgie],(LOC),[côlon],682,683,684
[Chirurgie],(LOC),[Estomac],685,686,687
[Chirurgie],(LOC),[Foie],688,689,690
[Chirurgie],(LOC),[Intestin],691,692,693
[Chirurgie],(LOC),[Oesophage],694,695,696
[Chirurgie],(LOC),[Pancréas],697,698,699
[Chirurgie],(LOC),[Rectum],700,701,702
[Chirurgie],(LOC),[Vésicule],703,704,705
[Cholesterol],(00.TYP),[LDL-Cholesterol],706,707,708
[Communication: #1‹],(10.a_contenu),[Problème de santé],709,710,711
[Concept],(0.a_pour_valeur),[Valeur: #?],712,713,714
[Concept],(REL),[Concept],715,716,715
[Concept],(REL),[Concept],717,718,717
[Conjonction: #1‹],(ET),[Assertion: #13‹],110,719,103
[Assertion: #13‹],(01.DESCR),[Patient: #x3‹],103,720,721
[Patient: #x3‹],(01.PAT),[Limitation: #2‹],721,722,723
[Limitation: #2‹],(01.PAT),[Mobilité],723,724,725
[Occurrence],(a_un),[Temps écoulé: #c‹],728,729,730
[Temps écoulé: #c‹],(0.a_pour_valeur),[Valeur: #?],730,731,732
[Occurrence],(a_un),[Temps écoulé: #c‹],734,735,730
[Temps écoulé: #c‹],(depuis),[Temps: #t],730,736,737
[Occurrence],(a_un),[Temps écoulé: #c‹],739,740,730
[Temps écoulé: #c‹],(par rapport à),[Temps: #Maintenant],730,741,742
[Occurrence],(a_un),[Temps écoulé: #o‹],745,746,747
[Temps écoulé: #o‹],(0.a_pour_valeur),[Valeur: #?],747,748,749
[Occurrence],(a_un),[Temps écoulé: #o‹],751,752,747
[Temps écoulé: #o‹],(depuis),[Temps: #t],747,753,754
[Occurrence],(a_un),[Temps écoulé: #o‹],756,757,747
[Temps écoulé: #o‹],(par rapport à),[Temps: #Maintenant],747,758,759
[Consultation],(00.de_type),[Consultation au cabinet],760,761,762
[Consultation],(00.de_type),[Téléconsultation],763,764,765
[Contexte Pysiologique: #1‹],(07.MNT),[Moment: #t0‹],766,767,162
[Courrier],(0.a_pour_valeur),[Faux],768,769,770
[Courrier],(0.a_pour_valeur),[Vrai],771,772,773
[Locuteur],(01.DESCR),[Personne: #x],775,776,777
[Locuteur],(01.DESCR),[Personne: #y],779,780,781
[Réponse attendue],(01.DESCR),[Prestation: #00‹],783,784,121
[Réponse attendue],(01.DESCR),[Prestation: #00‹],788,789,121
[Réponse attendue],(01.DESCR),[Prestation: #00‹],793,794,121
[Prestation: #00‹],(00.de_type),[Téléconsultation],121,795,796
[Réponse attendue],(01.DESCR),[Prestation: #00‹],798,799,121
[Prestation: #00‹],(00.de_type),[Visite],121,800,801
[Réponse attendue],(01.DESCR),[Prestation: #00‹],803,804,121
[Prestation: #00‹],(04.BENEF),[Patient: #x],121,805,806
[Réponse attendue],(01.DESCR),[Situation: #2‹],808,809,142
[Besoin de Santé: #1‹],(01.DESCR),[Anomalie Glande Mammaire],211,813,814
[Besoin de Santé: #1‹],(01.DESCR),[Anomalie Menstruation],211,816,817
[Besoin de Santé: #1‹],(01.DESCR),[Autre Demande],211,819,820
[Besoin de Santé: #1‹],(01.DESCR),[Bouffées de chaleur],211,822,823
[Besoin de Santé: #1‹],(01.DESCR),[Certificat Médical: #1‹],211,825,411
[Besoin de Santé: #1‹],(01.DESCR),[Check-up: #‹],211,827,568
[Besoin de Santé: #1‹],(01.DESCR),[Concept],211,829,830
[Concept],(0.a_pour_valeur),[Valeur: #?],830,831,832
[Conduite à tenir: #1‹],(05.CAUS),[Avis],835,836,837
[Avis],(AGT),[Médecin],837,838,839
[Médecin],(a_spécialité),[Spécialité],839,840,841
[Conduite à tenir: #1‹],(05.CAUS),[Procédure Sanitaire],835,844,845
[Procédure Sanitaire],(00.TYP),[Hospitalisation],845,846,847
[Procédure Sanitaire],(00.TYP),[Biologie Médicale],853,854,855
[Procédure Sanitaire],(00.TYP),[Concept],860,861,862
[Concept],(0.a_pour_valeur),[Valeur: #?],862,863,864
[Conduite à tenir: #1‹],(05.CAUS),[Résultat: #2],835,867,868
[Résultat: #2],(RESUL-1),[Procédure Sanitaire],868,869,870
[Procédure Sanitaire],(00.TYP),[Imagerie Médicale],870,871,872
[Besoin de Santé: #1‹],(01.DESCR),[Conseil],211,874,875
[Besoin de Santé: #1‹],(01.DESCR),[Contraception],211,877,878
[Besoin de Santé: #1‹],(01.DESCR),[Doléance Psychique],211,880,881
[Doléance Psychique],(TYPE),[Anxiété-Dépression],881,882,883
[Besoin de Santé: #1‹],(01.DESCR),[Déclaration de Grossesse],211,885,886
[Besoin de Santé: #1‹],(01.DESCR),[Ecoulement],211,888,889
[Ecoulement],(2.a_origine),[Vagin],889,890,891
[Besoin de Santé: #1‹],(01.DESCR),[Examen Oblgatoire],211,893,894
[Examen Oblgatoire],(PAT),[Enfant],894,895,896
[Enfant],(01.a_age),[Age],896,897,898
[Age],(0.a_pour_valeur),[Valeur: #x],898,899,900
[Besoin de Santé: #1‹],(01.DESCR),[Examen Obligatoire],211,902,903
[Besoin de Santé: #1‹],(01.DESCR),[Expertise Médicale],211,905,906
[Besoin de Santé: #1‹],(01.DESCR),[Interruption Volontaire de Grossesse],211,908,909
[Maintien Santé],(METH),[Prévention: #1‹],912,913,914
[Prévention: #1‹],(MOY),[Dépistage],914,915,916
[Maintien Santé],(METH),[Prévention: #2‹],919,920,921
[Prévention: #2‹],(METH),[Injection],921,922,923
[Injection],(RESOR),[Vaccin],923,924,925
[Besoin de Santé: #1‹],(01.DESCR),[Ménopause],211,927,928
[Besoin de Santé: #1‹],(01.DESCR),[Prescription: #1‹],211,930,931
[Prescription: #1‹],(PAT),[Procédure Sanitaire],931,932,933
[Procédure Sanitaire],(00.TYP),[Biologie Médicale],933,934,935
[Besoin de Santé: #1‹],(01.DESCR),[Prescription: #2],211,937,938
[Prescription: #2],(PAT),[Procédure Sanitaire],938,939,940
[Procédure Sanitaire],(00.TYP),[Imagerie Médicale],940,941,942
[Prescription],(01.PAT),[Pilule],948,949,950
[Besoin de Santé: #1‹],(01.DESCR),[Procédure],211,954,955
[Procédure],(01.PAT),[Admission],955,956,957
[Admission],(DEST),[Etablissement de Santé],957,958,959
[Etablissement de Santé],(00.TYP),[EHPAD],959,960,961
[Besoin de Santé: #1‹],(01.DESCR),[Renouvellement Traitement],211,963,964
[Besoin de Santé: #1‹],(01.DESCR),[Suivi de Grossesse],211,966,967
[Suivi],(PAT),[Processus Pathologique Chronique],973,974,975
[Demande: #d‹],(a_pour_objet),[Prestation],117,976,977
[Prestation],(00.de_type),[Réponse],977,978,979
[Réponse],(REP-1),[Questionnement],979,980,981
[Questionnement],(AGT-1),[Patient: #x‹],981,982,115
[Demande: #d‹],(cumul),[Cumul: #10],117,983,984
[Cumul: #10],(0.a_pour_valeur),[Valeur: 1],984,985,986
[Demande: #d‹],(cumul),[Cumul: #11],117,987,988
[Cumul: #11],(0.a_pour_valeur),[Valeur: 1],988,989,990
[Demande: #d‹],(cumul),[Cumul: #12],117,991,992
[Cumul: #12],(0.a_pour_valeur),[Valeur: 1],992,993,994
[Demande: #d‹],(cumul),[Cumul: #13],117,995,996
[Cumul: #13],(0.a_pour_valeur),[Valeur: 1],996,997,998
[Demande: #d‹],(cumul),[Cumul: #14],117,999,1000
[Cumul: #14],(0.a_pour_valeur),[Valeur: 1],1000,1001,1002
[Demande: #d‹],(cumul),[Cumul: #15],117,1003,1004
[Cumul: #15],(0.a_pour_valeur),[Valeur: 1],1004,1005,1006
[Demande: #d‹],(cumul),[Cumul: #16],117,1007,1008
[Cumul: #16],(0.a_pour_valeur),[Valeur: 1],1008,1009,1010
[Demande: #d‹],(cumul),[Cumul: #18],117,1011,1012
[Cumul: #18],(0.a_pour_valeur),[Valeur: 1],1012,1013,1014
[Demande: #d‹],(cumul),[Cumul: #19],117,1015,1016
[Cumul: #19],(0.a_pour_valeur),[Valeur: 1],1016,1017,1018
[Demande: #d‹],(cumul),[Cumul: #1],117,1019,1020
[Cumul: #1],(0.a_pour_valeur),[Valeur: 1],1020,1021,1022
[Demande: #d‹],(cumul),[Cumul: #20],117,1023,1024
[Cumul: #20],(0.a_pour_valeur),[Valeur: 1],1024,1025,1026
[Demande: #d‹],(cumul),[Cumul: #21],117,1027,1028
[Cumul: #21],(0.a_pour_valeur),[Valeur: 1],1028,1029,1030
[Demande: #d‹],(cumul),[Cumul: #22],117,1031,1032
[Cumul: #22],(0.a_pour_valeur),[Valeur: 1],1032,1033,1034
[Demande: #d‹],(cumul),[Cumul: #23],117,1035,1036
[Cumul: #23],(0.a_pour_valeur),[Valeur: 1],1036,1037,1038
[Demande: #d‹],(cumul),[Cumul: #24],117,1039,1040
[Cumul: #24],(0.a_pour_valeur),[Valeur: 1],1040,1041,1042
[Demande: #d‹],(cumul),[Cumul: #25],117,1043,1044
[Cumul: #25],(0.a_pour_valeur),[Valeur: 1],1044,1045,1046
[Demande: #d‹],(cumul),[Cumul: #26],117,1047,1048
[Cumul: #26],(0.a_pour_valeur),[Valeur: 1],1048,1049,1050
[Demande: #d‹],(cumul),[Cumul: #27],117,1051,1052
[Cumul: #27],(0.a_pour_valeur),[Valeur: 1],1052,1053,1054
[Demande: #d‹],(cumul),[Cumul: #27a],117,1055,1056
[Cumul: #27a],(0.a_pour_valeur),[Valeur: 1],1056,1057,1058
[Demande: #d‹],(cumul),[Cumul: #27b],117,1059,1060
[Cumul: #27b],(0.a_pour_valeur),[Valeur: 1],1060,1061,1062
[Demande: #d‹],(cumul),[Cumul: #28],117,1063,1064
[Cumul: #28],(0.a_pour_valeur),[Valeur: 1],1064,1065,1066
[Demande: #d‹],(cumul),[Cumul: #29],117,1067,1068
[Cumul: #29],(0.a_pour_valeur),[Valeur: 1],1068,1069,1070
[Demande: #d‹],(cumul),[Cumul: #2],117,1071,1072
[Cumul: #2],(0.a_pour_valeur),[Valeur: 1],1072,1073,1074
[Demande: #d‹],(cumul),[Cumul: #30],117,1075,1076
[Cumul: #30],(0.a_pour_valeur),[Valeur: 1],1076,1077,1078
[Demande: #d‹],(cumul),[Cumul: #3],117,1079,1080
[Cumul: #3],(0.a_pour_valeur),[Valeur: 1],1080,1081,1082
[Demande: #d‹],(cumul),[Cumul: #4],117,1083,1084
[Cumul: #4],(0.a_pour_valeur),[Valeur: 1],1084,1085,1086
[Demande: #d‹],(cumul),[Cumul: #5],117,1087,1088
[Cumul: #5],(0.a_pour_valeur),[Valeur: 1],1088,1089,1090
[Demande: #d‹],(cumul),[Cumul: #6],117,1091,1092
[Cumul: #6],(0.a_pour_valeur),[Valeur: 1],1092,1093,1094
[Demande: #d‹],(cumul),[Cumul: #7],117,1095,1096
[Cumul: #7],(0.a_pour_valeur),[Valeur: 1],1096,1097,1098
[Demande: #d‹],(cumul),[Cumul: #97],117,1099,1100
[Cumul: #97],(0.a_pour_valeur),[Valeur: 1],1100,1101,1102
[Demande: #d‹],(cumul),[Cumul: #99],117,1103,1104
[Cumul: #99],(0.a_pour_valeur),[Valeur: 1],1104,1105,1106
[Dernier Dosage: #1‹],(TMP),[Durée: maintenant-t1],1107,1108,1109
[Durée: maintenant-t1],(0.a_pour_valeur),[Valeur: #?],1109,1110,1111
[Dernier Dosage: #2‹],(TMP),[Durée: maintenant-t2],1112,1113,1114
[Durée: maintenant-t2],(0.a_pour_valeur),[Valeur: #?],1114,1115,1116
[Dernier Dosage: #3‹],(TMP),[Durée: maintenant-t3],1117,1118,1119
[Durée: maintenant-t3],(0.a_pour_valeur),[Valeur: #?],1119,1120,1121
[Dernier Dosage: #4‹],(TMP),[Durée: maintenant-t3],1122,1123,1124
[Durée: maintenant-t3],(0.a_pour_valeur),[Valeur: #?],1124,1125,1126
[Douleur: #A],(INT),[Intensité],1127,1128,1129
[Intensité],(0.a_pour_valeur),[Valeur: #?],1129,1130,1131
[Douleur: #CPH1‹],(INT),[Intensité],1132,1133,1134
[Intensité],(0.a_pour_valeur),[Valeur: #?],1134,1135,1136
[Douleur: #G1‹],(INT),[Intensité],1137,1138,1139
[Intensité],(0.a_pour_valeur),[Valeur: #?],1139,1140,1141
[Douleur: #G1‹],(LOC),[Tout ou Partie de l'Abdomen],1137,1142,1143
[Tout ou Partie de l'Abdomen],(00.TYP),[Tout l'Abdomen],1143,1144,1145
[Décision: #1‹],(05.CAUS),[Problème de santé: #45],1146,1147,1148
[Problème de santé: #45],(---¬),[Besoin de Santé: #1],1148,1149,1150
[Décision: #1‹],(OUTPUT),[Adressage],1146,1151,1152
[Adressage],(PAT),[Consultation],1152,1153,1154
[Consultation],(02.AGT),[Médecin],1154,1155,1156
[Médecin],(a_spécialité),[Spécialité],1156,1157,1158
[Dépistage: #10],(DET),[Hypothyroïdie],1159,1160,1161
[Dépistage],(----),[Dépistage: #1],1162,1163,1164
[Dépistage: #1],(DET),[Cancer],1164,1165,1166
[Cancer],(LOC),[Tout ou Partie],1166,1167,1168
[Tout ou Partie],(PART-1),[Côlon],1168,1169,1170
[Dépistage],(----),[Dépistage: #2],1171,1172,1173
[Dépistage: #2],(DET),[Cancer],1173,1174,1175
[Cancer],(INIT),[Mélanocyte],1175,1176,1177
[Mélanocyte],(PART),[Peau],1177,1178,1179
[Dépistage],(----),[Dépistage: #6],1180,1181,1182
[Dépistage: #6],(DET),[Cancer],1182,1183,1184
[Cancer],(LOC),[Tout ou Partie],1184,1185,1186
[Tout ou Partie],(PART-1),[Sein],1186,1187,1188
[Dépistage],(----),[Dépistage: #7],1189,1190,1191
[Dépistage: #7],(DET),[Cancer],1191,1192,1193
[Cancer],(LOC),[Partie],1193,1194,1195
[Partie],(PART-1),[Uterus],1195,1196,1197
[Uterus],(PART),[Col],1197,1198,1199
[Dépistage],(----),[Dépistage: #8],1200,1201,1202
[Dépistage: #8],(DET),[Cancer],1202,1203,1204
[Cancer],(LOC),[Tout ou Partie],1204,1205,1206
[Tout ou Partie],(PART-1),[Prostate],1206,1207,1208
[Dépistage],(cible),[Population],1209,1210,1211
[Population],(ELT),[Personne: n],1211,1212,1213
[Personne: n],(ELT-1),[Famille],1213,1214,1215
[Famille],(ELT),[Personne: x],1215,1216,1217
[Dépistage],(cible),[Population],1218,1219,1220
[Population],(ELT),[Personne: x],1220,1221,1222
[Dépistage],(cible),[Population],1223,1224,1225
[Population],(ELT),[Personne: x],1225,1226,1227
[Personne: x],(01.PAT),[Maladie],1227,1228,1229
[Dépistage],(METH),[Frottis: 1 an > t ≥ #Maintenant],1230,1231,1232
[Dépistage],(METH),[Frottis: 2 ans > t ≥ 1 an],1233,1234,1235
[Dépistage],(METH),[Frottis: 3 ans > t ≥ 2 ans],1236,1237,1238
[Dépistage],(METH),[Frottis: t ≥ 3 ans],1239,1240,1241
[Déplacement],(AGT),[Personne: x‹],1242,1243,1244
[Déplacement],(MOY),[Transport en Commun],1245,1246,1247
[Déplacement],(MOY),[Transport Sanitaire],1248,1249,1250
[Ecoulement: #1‹],(1.a_constituant),[Mucus],1251,1252,1253
[Ecoulement: #1‹],(1.a_constituant),[Sang],1251,1254,1255
[Ecoulement: ¬€‹],(1.a_constituant),[Air],1256,1257,1258
[Emission],(voie),[Urine],1259,1260,1261
[Epworth: #01],(0.a_pour_valeur),[Valeur: 0],1262,1263,1264
[Epworth: #01],(0.a_pour_valeur),[Valeur: 1],1265,1266,1267
[Epworth: #01],(0.a_pour_valeur),[Valeur: 2],1268,1269,1270
[Epworth: #01],(0.a_pour_valeur),[Valeur: 3],1271,1272,1273
[Epworth: #02],(0.a_pour_valeur),[Valeur: 0],1274,1275,1276
[Epworth: #02],(0.a_pour_valeur),[Valeur: 1],1277,1278,1279
[Epworth: #02],(0.a_pour_valeur),[Valeur: 2],1280,1281,1282
[Epworth: #02],(0.a_pour_valeur),[Valeur: 3],1283,1284,1285
[Epworth: #03],(0.a_pour_valeur),[Valeur: 0],1286,1287,1288
[Epworth: #03],(0.a_pour_valeur),[Valeur: 1],1289,1290,1291
[Epworth: #03],(0.a_pour_valeur),[Valeur: 2],1292,1293,1294
[Epworth: #03],(0.a_pour_valeur),[Valeur: 3],1295,1296,1297
[Epworth: #04],(0.a_pour_valeur),[Valeur: 0],1298,1299,1300
[Epworth: #04],(0.a_pour_valeur),[Valeur: 1],1301,1302,1303
[Epworth: #04],(0.a_pour_valeur),[Valeur: 2],1304,1305,1306
[Epworth: #04],(0.a_pour_valeur),[Valeur: 3],1307,1308,1309
[Epworth: #05],(0.a_pour_valeur),[Valeur: 0],1310,1311,1312
[Epworth: #05],(0.a_pour_valeur),[Valeur: 1],1313,1314,1315
[Epworth: #05],(0.a_pour_valeur),[Valeur: 2],1316,1317,1318
[Epworth: #05],(0.a_pour_valeur),[Valeur: 3],1319,1320,1321
[Epworth: #06],(0.a_pour_valeur),[Valeur: 0],1322,1323,1324
[Epworth: #06],(0.a_pour_valeur),[Valeur: 1],1325,1326,1327
[Epworth: #06],(0.a_pour_valeur),[Valeur: 2],1328,1329,1330
[Epworth: #06],(0.a_pour_valeur),[Valeur: 3],1331,1332,1333
[Epworth: #07],(0.a_pour_valeur),[Valeur: 0],1334,1335,1336
[Epworth: #07],(0.a_pour_valeur),[Valeur: 1],1337,1338,1339
[Epworth: #07],(0.a_pour_valeur),[Valeur: 2],1340,1341,1342
[Epworth: #07],(0.a_pour_valeur),[Valeur: 3],1343,1344,1345
[Epworth: #08],(0.a_pour_valeur),[Valeur: 0],1346,1347,1348
[Epworth: #08],(0.a_pour_valeur),[Valeur: 1],1349,1350,1351
[Epworth: #08],(0.a_pour_valeur),[Valeur: 2],1352,1353,1354
[Epworth: #08],(0.a_pour_valeur),[Valeur: 3],1355,1356,1357
[Etat de Santé],(1.classé en),[Habituel],1358,1359,1360
[Etat de Santé],(EVT),[Evènement],1361,1362,1363
[Evènement de santé: #01‹],(01.DESCR),[Problème de santé],1364,1365,1366
[Evènement: €n‹],(----),[Evènement de santé: #01‹],1367,1368,1364
[Expertise Médicale: #as‹],(01.PAT),[Assurance],1369,1370,1371
[Expertise Médicale: #pc‹],(01.PAT),[Permis de Conduire],1372,1373,1374
[Expertise Médicale: #pc‹],(05.CAUS),[Autre],1372,1375,1376
[Expertise Médicale],(01.PAT),[Objet],1377,1378,1379
[Objet],(---¬),[Permis de Conduire],1379,1380,1381
[Exposition: #OH‹],(PAT-1),[Modification],1382,1383,1384
[Test de FACE: #1],(0.a_pour_valeur),[Valeur: 0],1388,1389,1390
[Test de FACE: #1],(0.a_pour_valeur),[Valeur: 1],1393,1394,1395
[Test de FACE: #1],(0.a_pour_valeur),[Valeur: 2],1398,1399,1400
[Test de FACE: #1],(0.a_pour_valeur),[Valeur: 3],1403,1404,1405
[Test de FACE: #1],(0.a_pour_valeur),[Valeur: 4],1408,1409,1410
[Test de FACE: #2],(0.a_pour_valeur),[Valeur: 0],1413,1414,1415
[Test de FACE: #2],(0.a_pour_valeur),[Valeur: 1],1418,1419,1420
[Test de FACE: #2],(0.a_pour_valeur),[Valeur: 2],1423,1424,1425
[Test de FACE: #2],(0.a_pour_valeur),[Valeur: 3],1428,1429,1430
[Test de FACE: #2],(0.a_pour_valeur),[Valeur: 4],1433,1434,1435
[Test de FACE: #3],(0.a_pour_valeur),[Valeur: 0],1438,1439,1440
[Test de FACE: #3],(0.a_pour_valeur),[Valeur: 4],1443,1444,1445
[Test de FACE: #4],(0.a_pour_valeur),[Valeur: 0],1448,1449,1450
[Test de FACE: #4],(0.a_pour_valeur),[Valeur: 4],1453,1454,1455
[Test de FACE: #5],(0.a_pour_valeur),[Valeur: 0],1458,1459,1460
[Test de FACE: #5],(0.a_pour_valeur),[Valeur: 4],1463,1464,1465
[Exposition: #PHYS‹],(PAT-1),[Modification],1466,1467,1468
[Exposition: #t4‹],(DUR),[Durée],1469,1470,1471
[Durée],(0.a_pour_valeur),[Valeur: #?],1471,1472,1473
[Exposition: #t4‹],(QUANT),[Cigarette],1469,1474,1475
[Cigarette],(0.a_pour_valeur),[Valeur: #?],1475,1476,1477
[Exposition: #t5‹],(DUR),[Durée],1478,1479,1480
[Durée],(0.a_pour_valeur),[Valeur: #?],1480,1481,1482
[Exposition: #t5‹],(QUANT),[Cigarette],1478,1483,1484
[Cigarette],(0.a_pour_valeur),[Valeur: #?],1484,1485,1486
[Exposition: #t6‹],(DUR),[Durée],1487,1488,1489
[Durée],(0.a_pour_valeur),[Valeur: #?],1489,1490,1491
[Exposition: #t6‹],(QUANT),[Cigarette],1487,1492,1493
[Cigarette],(0.a_pour_valeur),[Valeur: #?],1493,1494,1495
[Exposition: #t],(RES),[Tabac],1496,1497,1498
[Déroulement: #tbc‹],(a_un),[Début],1501,1502,1503
[Début],(Time),[Temps: t ≤ #maintenant],1503,1504,1505
[Fin],(Time),[Temps: t < #maintenant],1508,1509,1510
[Fin],(Time),[Temps: t > #maintenant],1513,1514,1515
[Exposition: #TBC‹],(PAT-1),[Modification],1516,1517,1518
[Exposition: #tbc‹],(val_qual),[Non précisé],1499,1519,1520
[Exposition: #tbc‹],(val_qual),[Occasionnel],1499,1521,1522
[Exposition: #tbc‹],(val_qual),[Régulier],1499,1523,1524
[Exposition: #tc4‹],(PART),[Exposition: #t4‹],1525,1526,1469
[Exposition: #tc5‹],(PART),[Exposition: #t5‹],1527,1528,1478
[Exposition: #tc6‹],(PART),[Exposition: #t6‹],1529,1530,1487
[GAD7: #01],(0.a_pour_valeur),[Valeur: 0],1531,1532,1533
[GAD7: #01],(0.a_pour_valeur),[Valeur: 1],1534,1535,1536
[GAD7: #01],(0.a_pour_valeur),[Valeur: 2],1537,1538,1539
[GAD7: #01],(0.a_pour_valeur),[Valeur: 3],1540,1541,1542
[GAD7: #02],(0.a_pour_valeur),[Valeur: 0],1543,1544,1545
[GAD7: #02],(0.a_pour_valeur),[Valeur: 1],1546,1547,1548
[GAD7: #02],(0.a_pour_valeur),[Valeur: 2],1549,1550,1551
[GAD7: #02],(0.a_pour_valeur),[Valeur: 3],1552,1553,1554
[GAD7: #03],(0.a_pour_valeur),[Valeur: 0],1555,1556,1557
[GAD7: #03],(0.a_pour_valeur),[Valeur: 1],1558,1559,1560
[GAD7: #03],(0.a_pour_valeur),[Valeur: 2],1561,1562,1563
[GAD7: #03],(0.a_pour_valeur),[Valeur: 3],1564,1565,1566
[GAD7: #04],(0.a_pour_valeur),[Valeur: 0],1567,1568,1569
[GAD7: #04],(0.a_pour_valeur),[Valeur: 1],1570,1571,1572
[GAD7: #04],(0.a_pour_valeur),[Valeur: 2],1573,1574,1575
[GAD7: #04],(0.a_pour_valeur),[Valeur: 3],1576,1577,1578
[GAD7: #05],(0.a_pour_valeur),[Valeur: 0],1579,1580,1581
[GAD7: #05],(0.a_pour_valeur),[Valeur: 1],1582,1583,1584
[GAD7: #05],(0.a_pour_valeur),[Valeur: 2],1585,1586,1587
[GAD7: #05],(0.a_pour_valeur),[Valeur: 3],1588,1589,1590
[GAD7: #06],(0.a_pour_valeur),[Valeur: 0],1591,1592,1593
[GAD7: #06],(0.a_pour_valeur),[Valeur: 1],1594,1595,1596
[GAD7: #06],(0.a_pour_valeur),[Valeur: 2],1597,1598,1599
[GAD7: #06],(0.a_pour_valeur),[Valeur: 3],1600,1601,1602
[GAD7: #07],(0.a_pour_valeur),[Valeur: 0],1603,1604,1605
[GAD7: #07],(0.a_pour_valeur),[Valeur: 1],1606,1607,1608
[GAD7: #07],(0.a_pour_valeur),[Valeur: 2],1609,1610,1611
[GAD7: #07],(0.a_pour_valeur),[Valeur: 3],1612,1613,1614
[Hospitalisation],(LOC),[Maternité],1615,1616,1617
[HTA: #1‹],(a_début),[Début],239,1618,1619
[Début],(au_cours),[Année],1619,1620,1621
[Année],(0.a_pour_valeur),[Valeur: #?],1621,1622,1623
[Imagerie Médicale],(00.TYP),[Echographie],1624,1625,1626
[Echographie],(Cible),[Contenu],1626,1627,1628
[Contenu],(Conteneur),[Uterus],1628,1629,1630
[Uterus],(01.PAT),[Grossesse],1630,1631,1632
[Imagerie Médicale],(00.TYP),[Echographie],1633,1634,1635
[Echographie],(Cible),[Partie du corps humain spécifiée],1635,1636,1637
[Partie du corps humain spécifiée],(00.TYP),[Articulation],1637,1638,1639
[Imagerie Médicale],(00.TYP),[Echographie],1640,1641,1642
[Echographie],(Cible),[Partie du corps humain spécifiée],1642,1643,1644
[Partie du corps humain spécifiée],(00.TYP),[Coeur],1644,1645,1646
[Imagerie Médicale],(00.TYP),[Echographie],1647,1648,1649
[Echographie],(Cible),[Partie du corps humain spécifiée],1649,1650,1651
[Partie du corps humain spécifiée],(00.TYP),[Muscle],1651,1652,1653
[Imagerie Médicale],(00.TYP),[Echographie],1654,1655,1656
[Echographie],(Cible),[Partie du corps humain spécifiée],1656,1657,1658
[Partie du corps humain spécifiée],(00.TYP),[Organe: {*}],1658,1659,1660
[Organe: {*}],(LOC),[Abdomen],1660,1661,1662
[Imagerie Médicale],(00.TYP),[Echographie],1663,1664,1665
[Echographie],(Cible),[Partie du corps humain spécifiée],1665,1666,1667
[Partie du corps humain spécifiée],(00.TYP),[Organe: {*}],1667,1668,1669
[Organe: {*}],(LOC),[Pelvis],1669,1670,1671
[Imagerie Médicale],(00.TYP),[Echographie],1672,1673,1674
[Echographie],(Cible),[Partie du corps humain spécifiée],1674,1675,1676
[Partie du corps humain spécifiée],(00.TYP),[Prostate],1676,1677,1678
[Imagerie Médicale],(00.TYP),[Echographie],1679,1680,1681
[Echographie],(Cible),[Partie du corps humain spécifiée],1681,1682,1683
[Partie du corps humain spécifiée],(00.TYP),[Rein: {*}],1683,1684,1685
[Imagerie Médicale],(00.TYP),[Echographie],1686,1687,1688
[Echographie],(Cible),[Partie du corps humain spécifiée],1688,1689,1690
[Partie du corps humain spécifiée],(00.TYP),[Thyroïde],1690,1691,1692
[Imagerie Médicale],(00.TYP),[Echographie],1693,1694,1695
[Echographie],(Cible),[Partie du corps humain spécifiée],1695,1696,1697
[Partie du corps humain spécifiée],(00.TYP),[Type],1697,1698,1699
[Type],(0.a_pour_valeur),[Valeur: #?],1699,1700,1701
[Imagerie Médicale],(00.TYP),[IRM],1702,1703,1704
[IRM],(Cible),[Partie du corps humain spécifiée],1704,1705,1706
[Partie du corps humain spécifiée],(00.TYP),[Articulation: *],1706,1707,1708
[Articulation: *],(LOC),[Membre inférieur],1708,1709,1710
[Imagerie Médicale],(00.TYP),[IRM],1711,1712,1713
[IRM],(Cible),[Partie du corps humain spécifiée],1713,1714,1715
[Partie du corps humain spécifiée],(00.TYP),[Articulation: *],1715,1716,1717
[Articulation: *],(LOC),[Membre supérieur],1717,1718,1719
[Imagerie Médicale],(00.TYP),[IRM],1720,1721,1722
[IRM],(Cible),[Partie du corps humain spécifiée],1722,1723,1724
[Partie du corps humain spécifiée],(00.TYP),[Articulation],1724,1725,1726
[Imagerie Médicale],(00.TYP),[IRM],1727,1728,1729
[IRM],(Cible),[Partie du corps humain spécifiée],1729,1730,1731
[Partie du corps humain spécifiée],(00.TYP),[Encéphale],1731,1732,1733
[Imagerie Médicale],(00.TYP),[IRM],1734,1735,1736
[IRM],(Cible),[Partie du corps humain spécifiée],1736,1737,1738
[Partie du corps humain spécifiée],(00.TYP),[Organe: {*}],1738,1739,1740
[Organe: {*}],(LOC),[Abdomen V Pelvis],1740,1741,1742
[Imagerie Médicale],(00.TYP),[IRM],1743,1744,1745
[IRM],(Cible),[Partie du corps humain spécifiée],1745,1746,1747
[Partie du corps humain spécifiée],(00.TYP),[Organe: {*}],1747,1748,1749
[Organe: {*}],(LOC),[Abdomen],1749,1750,1751
[Imagerie Médicale],(00.TYP),[IRM],1752,1753,1754
[IRM],(Cible),[Partie du corps humain spécifiée],1754,1755,1756
[Partie du corps humain spécifiée],(00.TYP),[Organe: {*}],1756,1757,1758
[Organe: {*}],(LOC),[Thorax],1758,1759,1760
[Imagerie Médicale],(00.TYP),[IRM],1761,1762,1763
[IRM],(Cible),[Partie du corps humain spécifiée],1763,1764,1765
[Partie du corps humain spécifiée],(00.TYP),[Rachis cervical],1765,1766,1767
[Imagerie Médicale],(00.TYP),[IRM],1768,1769,1770
[IRM],(Cible),[Partie du corps humain spécifiée],1770,1771,1772
[Partie du corps humain spécifiée],(00.TYP),[Rachis],1772,1773,1774
[Imagerie Médicale],(00.TYP),[IRM],1775,1776,1777
[IRM],(Cible),[Partie du corps humain spécifiée],1777,1778,1779
[Partie du corps humain spécifiée],(00.TYP),[Vaisseau: {*}],1779,1780,1781
[Imagerie Médicale],(00.TYP),[Scanner],1782,1783,1784
[Scanner],(Cible),[Partie du corps humain spécifiée],1784,1785,1786
[Partie du corps humain spécifiée],(00.TYP),[Articulation: *],1786,1787,1788
[Articulation: *],(LOC),[Membre inférieur],1788,1789,1790
[Imagerie Médicale],(00.TYP),[Scanner],1791,1792,1793
[Scanner],(Cible),[Partie du corps humain spécifiée],1793,1794,1795
[Partie du corps humain spécifiée],(00.TYP),[Articulation: *],1795,1796,1797
[Articulation: *],(LOC),[Membre supérieur],1797,1798,1799
[Imagerie Médicale],(00.TYP),[Scanner],1800,1801,1802
[Scanner],(Cible),[Partie du corps humain spécifiée],1802,1803,1804
[Partie du corps humain spécifiée],(00.TYP),[Articulation],1804,1805,1806
[Imagerie Médicale],(00.TYP),[Scanner],1807,1808,1809
[Scanner],(Cible),[Partie du corps humain spécifiée],1809,1810,1811
[Partie du corps humain spécifiée],(00.TYP),[Encéphale],1811,1812,1813
[Imagerie Médicale],(00.TYP),[Scanner],1814,1815,1816
[Scanner],(Cible),[Partie du corps humain spécifiée],1816,1817,1818
[Partie du corps humain spécifiée],(00.TYP),[Organe: {*}],1818,1819,1820
[Organe: {*}],(LOC),[[Abdomen]v[Pelvis]],1820,1821,1822
[Imagerie Médicale],(00.TYP),[Scanner],1823,1824,1825
[Scanner],(Cible),[Partie du corps humain spécifiée],1825,1826,1827
[Partie du corps humain spécifiée],(00.TYP),[Organe: {*}],1827,1828,1829
[Organe: {*}],(LOC),[Abdomen],1829,1830,1831
[Imagerie Médicale],(00.TYP),[Scanner],1832,1833,1834
[Scanner],(Cible),[Partie du corps humain spécifiée],1834,1835,1836
[Partie du corps humain spécifiée],(00.TYP),[Organe: {*}],1836,1837,1838
[Organe: {*}],(LOC),[Thorax],1838,1839,1840
[Imagerie Médicale],(00.TYP),[Scanner],1841,1842,1843
[Scanner],(Cible),[Partie du corps humain spécifiée],1843,1844,1845
[Partie du corps humain spécifiée],(00.TYP),[Rachis cervical],1845,1846,1847
[Imagerie Médicale],(00.TYP),[Scanner],1848,1849,1850
[Scanner],(Cible),[Partie du corps humain spécifiée],1850,1851,1852
[Partie du corps humain spécifiée],(00.TYP),[Rachis],1852,1853,1854
[Imagerie Médicale],(00.TYP),[Scanner],1855,1856,1857
[Scanner],(Cible),[Partie du corps humain spécifiée],1857,1858,1859
[Partie du corps humain spécifiée],(00.TYP),[Vaisseau: {*}],1859,1860,1861
[Intervention: #O1],(2.a_date),[Date],1862,1863,1864
[Date],(0.a_pour_valeur),[Valeur: #?],1864,1865,1866
[Laboratoire],(a_un),[Nom],1867,1868,1869
[Nom],(0.a_pour_valeur),[Valeur: #?],1869,1870,1871
[Laboratoire],(a_un),[Téléphone],1872,1873,1874
[Téléphone],(0.a_pour_valeur),[Valeur : #?],1874,1875,1876
[Laboratoire],(a_un),[Téléphone],1877,1878,1879
[Téléphone],(0.a_pour_valeur),[Valeur: #?],1879,1880,1881
[Limitation: #1‹],(05.CAUS),[Handicap],1882,1883,1884
[Limitation: #1‹],(05.CAUS),[Personne: #x3],1882,1885,1886
[Personne: #x3],(01.PAT),[Difficulté],1886,1887,1888
[Difficulté],(REL),[Language],1888,1889,1890
[Language],(00.TYP),[Français],1890,1891,1892
[Limitation: #2‹],(05.CAUS),[Handicap],723,1893,1894
[Localisation],(0.a_pour_valeur),[Valeur: #?],1895,1896,1897
[Localisation],(01.DESCR),[[Colon] v [Rectum]],1898,1899,1900
[Localisation],(01.DESCR),[Poumon],1901,1902,1903
[Localisation],(01.DESCR),[Prostate],1904,1905,1906
[Localisation],(01.DESCR),[Rein],1907,1908,1909
[Localisation],(01.DESCR),[Sein],1910,1911,1912
[Localisation],(01.DESCR),[Thyroïde],1913,1914,1915
[Localisation],(01.DESCR),[Utérus],1916,1917,1918
[Localisation],(01.DESCR),[Vessie],1919,1920,1921
[Locuteur],(01.DESCR),[Personne: #x],1922,1923,1924
[Locuteur],(01.DESCR),[Personne: #y],1925,1926,1927
[Manifestation: #1c‹],(06.CSQCE),[Inquiétude],1928,1929,1930
[Inquiétude],(PAT),[Personne: #x],1930,1931,1932
[Manifestation: #1musc‹],(ELT),[Myalgie],1933,1934,1935
[Manifestation: #1p‹],(01.DESCR),[Syndrôme Anxieux],1936,1937,1938
[Manifestation: #1p‹],(01.DESCR),[Syndrôme Dépressif],1936,1939,1940
[Manifestation: #1r‹],(01.DESCR),[Apathie],1941,1942,1943
[Manifestation: #1r‹],(01.DESCR),[Autre problème],1941,1944,1945
[Manifestation: #1r‹],(01.DESCR),[Autre Signe],1941,1946,1947
[Autre Signe],(0.a_pour_valeur),[Valeur: #?],1947,1948,1949
[Manifestation: #1r‹],(01.DESCR),[Conjonctivite],1941,1950,1951
[Manifestation: #1r‹],(01.DESCR),[Convulsion],1941,1952,1953
[Manifestation: #1r‹],(01.DESCR),[Céphalée],1941,1954,1955
[Manifestation: #1r‹],(01.DESCR),[Diarrhée],1941,1956,1957
[Manifestation: #1r‹],(01.DESCR),[Dyspnée],1941,1958,1959
[Manifestation: #1r‹],(01.DESCR),[Eruption cutanée],1941,1960,1961
[Manifestation: #1r‹],(01.DESCR),[Frissons: #1‹],1941,1962,1963
[Manifestation: #1r‹],(01.DESCR),[Ictère],1941,1964,1965
[Manifestation: #1r‹],(01.DESCR),[Pleurs],1941,1966,1967
[Manifestation: #1r‹],(01.DESCR),[Selles décolorées],1941,1968,1969
[Manifestation: #1r‹],(01.DESCR),[Signe Cardio-Vasculaire: € ‹],1941,1970,1971
[Signe Cardio-Vasculaire: € ‹],(ELT),[Prodromes],1971,1972,1973
[Manifestation: #1r‹],(01.DESCR),[Signe Général: € ‹],1941,1974,1975
[Signe Général: € ‹],(ELT),[Amaigrissement],1975,1976,1977
[Manifestation: #1r‹],(01.DESCR),[Signe Neurologique: €‹],1941,1978,1979
[Manifestation: #1r‹],(01.DESCR),[Signe Ophtalmologique: €‹],1941,1980,1981
[Manifestation: #1r‹],(01.DESCR),[Signe Rhumatologique: €‹],1941,1982,1983
[Manifestation: #1r‹],(01.DESCR),[Syndrôme Fébrile: #1‹],1941,1984,1985
[Manifestation: #1r‹],(01.DESCR),[Syndrôme Gastro-Enteritique: #1‹],1941,1986,1987
[Manifestation: #1r‹],(01.DESCR),[Syndrôme Grippal: #1‹],1941,1988,1989
[Manifestation: #1r‹],(01.DESCR),[Syndrôme Infectieux: #1‹],1941,1990,1991
[Manifestation: #1r‹],(01.DESCR),[Toux],1941,1992,1993
[Manifestation: #1r‹],(01.DESCR),[Troubles du Comportement],1941,1994,1995
[Manifestation: #1r‹],(01.DESCR),[Vomissements],1941,1996,1997
[Début: #db‹],(VAL.QUAL),[Brutal],1999,2000,2001
[Début: #db‹],(VAL.QUAL),[Progressif],1999,2003,2004
[Manifestation: #1r‹],(a_fin),[Fin],1941,2005,2006
[Fin],(VAL),[t = #Maintenant],2006,2007,2008
[Durée: #m - #tdb #‹],(≤),[Valeur: 14],2010,2011,2012
[Valeur: 14],(unité),[Unité: jours],2012,2013,2014
[Durée: #m - #tdb #‹],(≤),[Valeur: 2],2010,2016,2017
[Valeur: 2],(unité),[Unité: jours],2017,2018,2019
[Durée: #m - #tdb #‹],(≤),[Valeur: 31],2010,2021,2022
[Valeur: 31],(unité),[Unité: jours],2022,2023,2024
[Durée: #m - #tdb #‹],(≤),[Valeur: 8],2010,2026,2027
[Valeur: 8],(unité),[Unité: jours],2027,2028,2029
[Durée: #m - #tdb #‹],(≥),[Valeur: 1],2010,2031,2032
[Valeur: 1],(unité),[Unité: mois],2032,2033,2034
[Durée: #m - #tdb #‹],(≥),[Valeur: 3],2010,2036,2037
[Valeur: 3],(unité),[Unité: mois],2037,2038,2039
[Manifestation: #1r‹],(DUR),[Durée: #m - tdb #‹],1941,2040,2041
[Durée: #m - tdb #‹],(>),[Valeur: 0],2041,2042,2043
[Valeur: 0],(unité),[Unité: jours],2043,2044,2045
[Manifestation: #1r‹],(TYP),[Syndrôme d'Altération de l'Etat Général],1941,2046,2047
[Medecin: #h],(a_un),[Prénom: #?],2048,2049,2050
[Message: #‹],(01.a_canal),[SmartCare],2051,2052,2053
[Message: #‹],(02.a_locuteur),[Locuteur],2051,2054,2055
[Message: #‹],(03.a_propositus),[Propositus],2051,2056,2057
[Propositus],(01.DESCR),[Personne: #x],2057,2058,2059
[Personne: #x],(----),[Patient: #x],2059,2060,2061
[Message: #‹],(04.a_destinataire),[Interlocuteur],2051,2062,2063
[Interlocuteur],(01.DESCR),[Personne: #z],2063,2064,2065
[Personne: #z],(----),[Médecin: #z],2065,2066,2067
[Message: #‹],(07.a_moment_emission),[Moment: #m‹],2051,2068,2069
[Message: #‹],(10.a_contenu),[Assertion: #1‹],2051,2070,106
[Message: #‹],(10.a_contenu),[Assertion: #2‹],2051,2075,156
[Assertion: #2‹],(00.Denotatum),[>DEMANDE<],156,2076,2077
[Message: #‹],(10.a_contenu),[Assertion: #3‹],2051,2078,2079
[Assertion: #3‹],(00.Denotatum),[MODE_DE_VIE],2079,2080,2081
[Message: #‹],(10.a_contenu),[Assertion: #5],2051,2082,2083
[Assertion: #5],(----),[Patient: #x‹],2083,2084,115
[Patient: #x‹],(est_objet),[Traitement],115,2085,2086
[Traitement],(a_début),[Début: t ≤ #Maintenant],2086,2087,2088
[Message: #‹],(10.a_contenu),[Assertion: #6‹],2051,2089,171
[Assertion: #6‹],(00.Denotatum),[>ANTECEDENTS FAMILIAUX<],171,2090,2091
[Message: #‹],(10.a_contenu),[Assertion: #7‹],2051,2092,180
[Assertion: #7‹],(00.Denotatum),[>ANTECEDENTS PERSONNELS<],180,2093,2094
[Message: #‹],(10.a_contenu),[Assertion: #8‹],2051,2095,2096
[Assertion: #8‹],(00.Denotatum),[TRAITEMENTS],2096,2097,2098
[Assertion: #9‹],(00.Denotatum),[HYGIENE_DE_VIE],2100,2101,2102
[Assertion: #9‹],(DESCR),[Exposition: #OH‹],2100,2104,1382
[Exposition: #OH‹],(facteur de risque),[Alcool],1382,2105,2106
[Mode de vie],(REL),[Autre],2107,2108,2109
[Mode de vie],(REL),[Collocation],2110,2111,2112
[Mode de vie],(REL),[Communauté],2113,2114,2115
[Mode de vie],(REL),[Famille d'accueil],2116,2117,2118
[Mode de vie],(REL),[Famille],2119,2120,2121
[Mode de vie],(REL),[Parents],2122,2123,2124
[Mode de vie],(REL),[Seul],2125,2126,2127
[Moment: #t0‹],(a_date),[DateJour],162,2128,2129
[DateJour],(0.a_pour_valeur),[Valeur: #?],2129,2130,2131
[Moment: #t0‹],(a_heure),[Heure],162,2132,2133
[Heure],(0.a_pour_valeur),[Valeur: #?],2133,2134,2135
[Motif CS addictologue],(0.a_pour_valeur),[Valeur: #?],2136,2137,2138
[Motif CS allergologue],(0.a_pour_valeur),[Valeur: #?],2139,2140,2141
[Motif CS Anesthésiste],(0.a_pour_valeur),[Valeur: #?],2142,2143,2144
[Motif CS Cancerologue],(0.a_pour_valeur),[Valeur: #?],2145,2146,2147
[Motif CS Cardiologue],(0.a_pour_valeur),[Valeur: #?],2148,2149,2150
[Motif CS Chirurgien ORL],(0.a_pour_valeur),[Valeur: #?],2151,2152,2153
[Motif CS Chirurgien Orthopédiste],(0.a_pour_valeur),[Valeur: #?],2154,2155,2156
[Motif CS Chirurgien],(0.a_pour_valeur),[Valeur: #?],2157,2158,2159
[Motif CS Dermatologue],(0.a_pour_valeur),[Valeur: #?],2160,2161,2162
[Motif CS Diabétologue],(0.a_pour_valeur),[Valeur: #?],2163,2164,2165
[Motif CS Endocrinologue],(0.a_pour_valeur),[Valeur: #?],2166,2167,2168
[Motif CS Gastro-entérologue],(0.a_pour_valeur),[Valeur: #?],2169,2170,2171
[Motif CS Gynécologue],(0.a_pour_valeur),[Valeur: #?],2172,2173,2174
[Motif CS Gériatre],(0.a_pour_valeur),[Valeur: #?],2175,2176,2177
[Motif CS Hématologue],(0.a_pour_valeur),[Valeur: #?],2178,2179,2180
[Motif CS Hépatologue],(0.a_pour_valeur),[Valeur: #?],2181,2182,2183
[Motif CS Infectiologue],(0.a_pour_valeur),[Valeur: #?],2184,2185,2186
[Motif CS Neurologue],(0.a_pour_valeur),[Valeur: #?],2187,2188,2189
[Motif CS Néonatologiste],(0.a_pour_valeur),[Valeur: #?],2190,2191,2192
[Motif CS Néphrologue],(0.a_pour_valeur),[Valeur: #?],2193,2194,2195
[Motif CS Obstétricien],(0.a_pour_valeur),[Valeur: #?],2196,2197,2198
[Motif CS Odontologiste],(0.a_pour_valeur),[Valeur: #?],2199,2200,2201
[Motif CS Ophtalmologue],(0.a_pour_valeur),[Valeur: #?],2202,2203,2204
[Motif CS Pédiatre],(0.a_pour_valeur),[Valeur: #?],2205,2206,2207
[Motif CS Radiologue],(0.a_pour_valeur),[Valeur: #?],2208,2209,2210
[Motif CS Radiothérapie],(0.a_pour_valeur),[Valeur: #?],2211,2212,2213
[Motif CS Rhumatologie],(0.a_pour_valeur),[Valeur: #?],2214,2215,2216
[Motif CS Urologie],(0.a_pour_valeur),[Valeur: #?],2217,2218,2219
[Médecin: #tt2‹],(rôle),[Médecin Traitant: #tt2],78,2220,2221
[Médecin Traitant: #tt2],(REL),[Personne: #x],2221,2222,2223
[Partie de l'Abdomen: #1‹],(DESCR),[Epigastre],2224,2225,2226
[Partie de l'Abdomen: #1‹],(DESCR),[Flanc Droit],2224,2227,2228
[Partie de l'Abdomen: #1‹],(DESCR),[Flanc Gauche],2224,2229,2230
[Partie de l'Abdomen: #1‹],(DESCR),[Fosse Iliaque Droite],2224,2231,2232
[Partie de l'Abdomen: #1‹],(DESCR),[Fosse Iliaque Gauche],2224,2233,2234
[Partie de l'Abdomen: #1‹],(DESCR),[Hypochondre Droit],2224,2235,2236
[Partie de l'Abdomen: #1‹],(DESCR),[Hypochondre Gauche],2224,2237,2238
[Partie de l'Abdomen: #1‹],(DESCR),[Hypogastre],2224,2239,2240
[Partie de l'Abdomen: #1‹],(DESCR),[Région ombilicale],2224,2241,2242
[Patient: #x3‹],(a_un),[Problème de communication: €],721,2243,2244
[Patient: #x‹],(----),[Patient: #],115,2245,2246
[Patient: #],(02.est_patient_de),[Consultation antérieure],2246,2247,2248
[Consultation antérieure],(LOC),[Cabinet Médical: #c],2248,2249,2250
[Patient: #x‹],(---¬),[Patient: #],115,2251,2252
[Patient: #],(02.est_patient_de),[Consultation antérieure],2252,2253,2254
[Consultation antérieure],(LOC),[Cabinet Médical: #c],2254,2255,2256
[Personne: #],(PAT-1),[Accompagnement],2258,2259,2260
[Personne: #],(PAT-1),[Accompagnement],2262,2263,2264
[Accompagnement],(AGT),[Personne: #p],2264,2265,2266
[Patient: #x‹],(-?-),[Patient: #],115,2267,2268
[Patient: #],(02.est_patient_de),[Consultation antérieure],2268,2269,2270
[Consultation antérieure],(LOC),[Cabinet Médical: #c],2270,2271,2272
[Patient: #x‹],(01.DESCR),[Personne: #x‹],115,2273,2274
[Patient: #x‹],(02.est_patient_de),[Mesure],115,2275,2276
[Mesure],(RESULT),[Température],2276,2277,2278
[Diabète],(00.TYP),[Diabète de type I],2284,2285,2286
[Diabète],(00.TYP),[Diabète de type II],2289,2290,2291
[Diabète],(00.TYP),[Diabète Gestationnel],2294,2295,2296
[Diabète],(00.TYP),[Diabète Secondaire],2299,2300,2301
[Patient: #x‹],(a_température),[Température: #1],115,2302,2303
[Accompagnement],(AGT),[Mère],2305,2306,2307
[Mère],(REL),[Personne: #x],2307,2308,2309
[Accompagnement],(AGT),[Personne: #p],2311,2312,2313
[Personne: #p],(AGT-1),[Aide],2313,2314,2315
[Aide],(PAT),[Personne: #x],2315,2316,2317
[Accompagnement],(AGT),[Personne: #p],2319,2320,2321
[Personne: #p],(AGT-1),[Traduction],2321,2322,2323
[Accompagnement],(AGT),[Personne: #p],2325,2326,2327
[Personne: #p],(REL),[Personne: #x],2327,2328,2329
[Accompagnement],(AGT),[Père],2331,2332,2333
[Père],(REL),[Personne: #x],2333,2334,2335
[Personne: #x],(---¬),[Personne: #],2336,2337,2338
[Personne: #],(EFF),[Sommeil: #2],2338,2339,2340
[Sommeil: #2],(moment),[Jour],2340,2341,2342
[Personne: #x],(a_un),[Fille],2343,2344,2345
[Fille],(nbr),[Nombre],2345,2346,2347
[Nombre],(0.a_pour_valeur),[Valeur: #?],2347,2348,2349
[Personne: #x],(a_un),[Fils],2350,2351,2352
[Fils],(nbr),[Nombre],2352,2353,2354
[Nombre],(0.a_pour_valeur),[Valeur: #?],2354,2355,2356
[Personne: #x],(a_un),[Frère],2357,2358,2359
[Frère],(nbr),[Nombre],2359,2360,2361
[Nombre],(0.a_pour_valeur),[Valeur: #?],2361,2362,2363
[Personne: #x],(a_un),[Soeur],2364,2365,2366
[Soeur],(nbr),[Nombre],2366,2367,2368
[Nombre],(0.a_pour_valeur),[Valeur: #?],2368,2369,2370
[Personne: #x‹],(---¬),[Personne: #],2274,2371,2372
[Personne: #],(MEMBR-1),[Union],2372,2373,2374
[Union],(MEMBR),[Personne: #w],2374,2375,2376
[Personne: #x‹],(00.a_nom),[Nom: GRANDJEAN],2274,2377,2378
[Personne: #x‹],(00.a_nom),[Nom: JAWADHI],2274,2379,2380
[Personne: #x‹],(00.a_nom),[Nom: KERBREZ],2274,2381,2382
[Personne: #x‹],(00.a_nom),[Nom: MARTIN],2274,2383,2384
[Personne: #x‹],(00.date_naissance),[Naissance: #‹],2274,2385,2386
[Naissance: #‹],(0.a_pour_valeur),[Valeur: #?],2386,2387,2388
[Age: #‹],(1.classé en),[Enfant,2390,2391,2392
[Age: #‹],(1.classé en),[Enfant],2390,2394,2395
[Personne: #x‹],(01.DESCR),[Nom: #‹],2274,2396,2397
[Nom: #‹],(0.a_pour_valeur),[Valeur: #?],2397,2398,2399
[Personne: #x‹],(01.DESCR),[Prénom: #‹],2274,2400,2401
[Prénom: #‹],(0.a_pour_valeur),[Valeur: #?],2401,2402,2403
[Personne: #x‹],(01.PAT),[Allergie],2274,2404,2405
[Personne: #x‹],(02.a_genre),[Genre: Féminin],2274,2406,2407
[Personne: #x‹],(02.a_genre),[Genre: Masculin],2274,2408,2409
[Personne: #x‹],(02.est_patient_de),[Séjour: #‹],2274,2410,2411
[Séjour: #‹],(LOC),[Pays],2411,2412,2413
[Pays],(00.de_type),[#?],2413,2414,2415
[Personne: #x‹],(03.a_poids),[Poids: #m1],2274,2416,2417
[Poids: #m1],(0.a_pour_valeur),[Valeur: #?],2417,2418,2419
[Personne: #x‹],(03.a_poids),[Poids: #m6],2274,2420,2421
[Poids: #m6],(0.a_pour_valeur),[Valeur: #?],2421,2422,2423
[Personne: #x‹],(03.a_poids),[Poids],2274,2424,2425
[Poids],(0.a_pour_valeur),[Valeur: #?],2425,2426,2427
[Personne: #x‹],(04.a_taille),[Taille],2274,2428,2429
[Taille],(0.a_pour_valeur),[Valeur: #?],2429,2430,2431
[Personne: #x‹],(a_une),[Profession],2274,2432,2433
[Profession],(00.de_type),[#?],2433,2434,2435
[Personne: #x‹],(MEMBR-1),[Union: #u‹],2274,2436,2437
[Union: #u‹],(MEMBR),[Personne: #w],2437,2438,2439
[Personne: #w],(01.PAT),[Décès],2439,2440,2441
[Personne: #z],(a_un),[Nom],2442,2443,2444
[Nom],(0.a_pour_valeur),[Valeur: #?],2444,2445,2446
[Personne: #z],(a_un),[Téléphone],2447,2448,2449
[Téléphone],(0.a_pour_valeur),[Valeur: #?],2449,2450,2451
[Pharmacie],(a_un),[Nom],2452,2453,2454
[Nom],(0.a_pour_valeur),[Valeur: #?],2454,2455,2456
[Pharmacie],(a_un),[Téléphone],2457,2458,2459
[Téléphone],(0.a_pour_valeur),[Valeur: #?],2459,2460,2461
[PHQ9: #01],(0.a_pour_valeur),[Valeur: 0],2462,2463,2464
[PHQ9: #01],(0.a_pour_valeur),[Valeur: 1],2465,2466,2467
[PHQ9: #01],(0.a_pour_valeur),[Valeur: 2],2468,2469,2470
[PHQ9: #01],(0.a_pour_valeur),[Valeur: 3],2471,2472,2473
[PHQ9: #02],(0.a_pour_valeur),[Valeur: 0],2474,2475,2476
[PHQ9: #02],(0.a_pour_valeur),[Valeur: 1],2477,2478,2479
[PHQ9: #02],(0.a_pour_valeur),[Valeur: 2],2480,2481,2482
[PHQ9: #02],(0.a_pour_valeur),[Valeur: 3],2483,2484,2485
[PHQ9: #03],(0.a_pour_valeur),[Valeur: 0],2486,2487,2488
[PHQ9: #03],(0.a_pour_valeur),[Valeur: 1],2489,2490,2491
[PHQ9: #03],(0.a_pour_valeur),[Valeur: 2],2492,2493,2494
[PHQ9: #03],(0.a_pour_valeur),[Valeur: 3],2495,2496,2497
[PHQ9: #04],(0.a_pour_valeur),[Valeur: 0],2498,2499,2500
[PHQ9: #04],(0.a_pour_valeur),[Valeur: 1],2501,2502,2503
[PHQ9: #04],(0.a_pour_valeur),[Valeur: 2],2504,2505,2506
[PHQ9: #04],(0.a_pour_valeur),[Valeur: 3],2507,2508,2509
[PHQ9: #05],(0.a_pour_valeur),[Valeur: 0],2510,2511,2512
[PHQ9: #05],(0.a_pour_valeur),[Valeur: 1],2513,2514,2515
[PHQ9: #05],(0.a_pour_valeur),[Valeur: 2],2516,2517,2518
[PHQ9: #05],(0.a_pour_valeur),[Valeur: 3],2519,2520,2521
[PHQ9: #06],(0.a_pour_valeur),[Valeur: 0],2522,2523,2524
[PHQ9: #06],(0.a_pour_valeur),[Valeur: 1],2525,2526,2527
[PHQ9: #06],(0.a_pour_valeur),[Valeur: 2],2528,2529,2530
[PHQ9: #06],(0.a_pour_valeur),[Valeur: 3],2531,2532,2533
[PHQ9: #07],(0.a_pour_valeur),[Valeur: 0],2534,2535,2536
[PHQ9: #07],(0.a_pour_valeur),[Valeur: 1],2537,2538,2539
[PHQ9: #07],(0.a_pour_valeur),[Valeur: 2],2540,2541,2542
[PHQ9: #07],(0.a_pour_valeur),[Valeur: 3],2543,2544,2545
[PHQ9: #08],(0.a_pour_valeur),[Valeur: 0],2546,2547,2548
[PHQ9: #08],(0.a_pour_valeur),[Valeur: 1],2549,2550,2551
[PHQ9: #08],(0.a_pour_valeur),[Valeur: 2],2552,2553,2554
[PHQ9: #08],(0.a_pour_valeur),[Valeur: 3],2555,2556,2557
[PHQ9: #09],(0.a_pour_valeur),[Valeur: 0],2558,2559,2560
[PHQ9: #09],(0.a_pour_valeur),[Valeur: 1],2561,2562,2563
[PHQ9: #09],(0.a_pour_valeur),[Valeur: 2],2564,2565,2566
[PHQ9: #09],(0.a_pour_valeur),[Valeur: 3],2567,2568,2569
[precision_motif_autre],(a_une),[Réponse],2570,2571,2572
[Réponse],(0.a_pour_valeur),[Valeur: #?],2572,2573,2574
[Prescription: #1‹],(CARD),[Nombre: #1],931,2575,2576
[Nombre: #1],(0.a_pour_valeur),[Valeur: 1],2576,2577,2578
[Prescription: #1‹],(CARD),[Nombre: #2],931,2579,2580
[Nombre: #2],(0.a_pour_valeur),[Valeur: 1],2580,2581,2582
[Prescription: #1‹],(CARD),[Nombre: #3],931,2583,2584
[Nombre: #3],(0.a_pour_valeur),[Valeur: 1],2584,2585,2586
[Prescription: #1‹],(CARD),[Nombre: #4],931,2587,2588
[Nombre: #4],(0.a_pour_valeur),[Valeur: 1],2588,2589,2590
[Prescription: #1‹],(CARD),[Nombre: #5],931,2591,2592
[Nombre: #5],(0.a_pour_valeur),[Valeur: 1],2592,2593,2594
[Prescription: #1‹],(CARD),[Nombre: #6],931,2595,2596
[Nombre: #6],(0.a_pour_valeur),[Valeur: 1],2596,2597,2598
[Prescription: #1‹],(CARD),[Nombre: #7],931,2599,2600
[Nombre: #7],(0.a_pour_valeur),[Valeur: 1],2600,2601,2602
[Prestation: #00‹],(00.de_type),[Procédure],121,2603,2604
[Procédure],(METH),[Frottis],2604,2605,2606
[Prestation: #00‹],(00.TYP),[Consultation Médicale],121,2607,2608
[Consultation Médicale],(07.MNT),[Moment: #s‹],2608,2609,2610
[Prestation: #00‹],(02.AGT),[Médecin: #z],121,2611,2612
[Prestation: #00‹],(PREC),[Evènement: €n‹],121,2613,1367
[Evènement: €n‹],(PREC),[Prestation: #99],1367,2614,2615
[Prestation: #99n‹],(02.AGT),[Médecin: #z],2616,2617,2618
[Prestation: #99‹],(a_occurrence),[Occurrence: N>10],2619,2620,2621
[Prestation: #99‹],(a_occurrence),[Occurrence: N>1],2619,2622,2623
[Prestation: #99‹],(a_occurrence),[Occurrence: N≥1],2619,2624,2625
[Prestation: #99‹],(a_profil),[Profil: Alice],2619,2626,2627
[Prestation: #99‹],(a_profil),[Profil: Bob],2619,2628,2629
[Prestation: #99‹],(a_profil),[Profil: Charlie],2619,2630,2631
[Prestation: #99‹],(ANC),[Ancienneté],2619,2632,2633
[Ancienneté],(DUR),[Durée: t0-t99 #‹],2633,2634,2635
[Durée: t0-t99 #‹],(≤),[Quantité],2635,2636,2637
[Quantité],(0.a_pour_valeur),[Valeur: #?],2637,2638,2639
[Problème connu récidivant],(01.DESCR),[Angine],2640,2641,2642
[Problème connu récidivant],(01.DESCR),[Bronchiolite],2643,2644,2645
[Problème connu récidivant],(01.DESCR),[Bronchite],2646,2647,2648
[Problème connu récidivant],(01.DESCR),[Colique néphrétique],2649,2650,2651
[Problème connu récidivant],(01.DESCR),[Constipation],2652,2653,2654
[Problème connu récidivant],(01.DESCR),[Crise d'asthme],2655,2656,2657
[Problème connu récidivant],(01.DESCR),[Crise de goutte],2658,2659,2660
[Problème connu récidivant],(01.DESCR),[Dépression],2661,2662,2663
[Problème connu récidivant],(01.DESCR),[Gastro-entérite],2664,2665,2666
[Problème connu récidivant],(01.DESCR),[Grippe],2667,2668,2669
[Problème connu récidivant],(01.DESCR),[Hypoglycémie],2670,2671,2672
[Problème connu récidivant],(01.DESCR),[Infection urinaire],2673,2674,2675
[Problème connu récidivant],(01.DESCR),[Insomnie],2676,2677,2678
[Problème connu récidivant],(01.DESCR),[Lombalgie/Lumbago],2679,2680,2681
[Problème connu récidivant],(01.DESCR),[Migraine],2682,2683,2684
[Problème connu récidivant],(01.DESCR),[Otite],2685,2686,2687
[Problème connu récidivant],(01.DESCR),[Pyélonéphrite],2688,2689,2690
[Problème connu récidivant],(01.DESCR),[Rhino-pharyngite],2691,2692,2693
[Problème connu récidivant],(01.DESCR),[Rhume des foins],2694,2695,2696
[Problème connu récidivant],(01.DESCR),[Sciatique],2697,2698,2699
[Problème connu récidivant],(01.DESCR),[Tachycardie],2700,2701,2702
[Problème connu récidivant],(a_un),[Libellé],2703,2704,2705
[Libellé],(0.a_pour_valeur),[Valeur: #?],2705,2706,2707
[Manifestation: #1p‹],(00.TYP),[Intolérance traitement],1936,2709,2710
[Manifestation: #1p‹],(00.TYP),[Manifestation Psychique],1936,2712,2713
[Manifestation: #1p‹],(00.TYP),[Troubles du sommeil],1936,2715,2716
[Manifestation: #1p‹],(01.DESCR),[Syndrôme Dépressif: #1‹],1936,2718,2719
[Problème de Santé: #1n‹],(SIGN),[Manifestation: #1r‹],220,2720,1941
[Manifestation: #1r‹],(00.TYP),[Manifestation Somatique],1941,2721,2722
[Procedure Chirurgicale: #O],(00.de_type),[Intervention: #O1],2723,2724,2725
[Trouble Homéostasie],(01.PAT),[Cholesterol],2727,2728,2729
[Trouble Homéostasie],(01.PAT),[Triglycéride],2731,2732,2733
[Diabète],(10.a_un_suivi),[Suivi: #diab‹],2735,2736,2737
[Personne: #x],(01.PAT),[Consultation: #c‹],2739,2740,726
[Consultation: #c‹],(02.AGT),[Cardiologue],726,2741,2742
[Diabète],(10.a_un_suivi),[Suivi: #diab‹],2744,2745,2737
[Personne: #x],(01.PAT),[Consultation: #o‹],2747,2748,743
[Consultation: #o‹],(02.AGT),[Ophtalmologue],743,2749,2750
[Procédure médicale: #PM1],(00.de_type),[Hospitalisation: #H1],2751,2752,2753
[Procédure médicale: #PM1],(2.a_date),[Date],2754,2755,2756
[Date],(0.a_pour_valeur),[Valeur: #?],2756,2757,2758
[Procédure médicale: #PM2],(00.de_type),[Hospitalisation: #H1],2759,2760,2761
[Procédure médicale: #PM2],(2.a_date),[Date],2762,2763,2764
[Date],(0.a_pour_valeur),[Valeur: #?],2764,2765,2766
[Procédure Sanitaire],(00.TYP),[Radiographie],2767,2768,2769
[Radiographie],(Cible),[Partie du corps humain spécifiée],2769,2770,2771
[Partie du corps humain spécifiée],(00.TYP),[Abdomen],2771,2772,2773
[Procédure Sanitaire],(00.TYP),[Radiographie],2774,2775,2776
[Radiographie],(Cible),[Partie du corps humain spécifiée],2776,2777,2778
[Partie du corps humain spécifiée],(00.TYP),[Dent],2778,2779,2780
[Procédure Sanitaire],(00.TYP),[Radiographie],2781,2782,2783
[Radiographie],(Cible),[Partie du corps humain spécifiée],2783,2784,2785
[Partie du corps humain spécifiée],(00.TYP),[Os],2785,2786,2787
[Procédure Sanitaire],(00.TYP),[Radiographie],2788,2789,2790
[Radiographie],(Cible),[Partie du corps humain spécifiée],2790,2791,2792
[Partie du corps humain spécifiée],(00.TYP),[Poumon],2792,2793,2794
[Prévention: #00‹],(METH),[Injection],2795,2796,2797
[Injection],(RESOR),[Vaccin],2797,2798,2799
[Vaccin],(00.de_type),[Vaccin anti-coqueluche],2799,2800,2801
[Injection],(RESOR),[Vaccin],2804,2805,2806
[Vaccin],(00.de_type),[Vaccin anti-grippal],2806,2807,2808
[Injection],(RESOR),[Vaccin],2810,2811,2812
[Vaccin],(00.de_type),[Vaccin Covid-19],2812,2813,2814
[Prévention: #06‹],(METH),[Injection],2815,2816,2817
[Injection],(RESOR),[Vaccin],2817,2818,2819
[Vaccin],(00.de_type),[Vaccin anti Hépatite B],2819,2820,2821
[Prévention: #12‹],(METH),[Injection],2822,2823,2824
[Injection],(RESOR),[Vaccin],2824,2825,2826
[Vaccin],(00.de_type),[Vaccin anti-variolique],2826,2827,2828
[Prévention: #13‹],(METH),[Injection],2829,2830,2831
[Injection],(RESOR),[Vaccin],2831,2832,2833
[Vaccin],(00.de_type),[BCG],2833,2834,2835
[Radiographie: #1‹],(Cible),[Partie du corps humain spécifiée],2836,2837,2838
[Partie du corps humain spécifiée],(00.TYP),[Artère],2838,2839,2840
[Radiographie: #2‹],(Cible),[Partie du corps humain spécifiée],2841,2842,2843
[Partie du corps humain spécifiée],(00.TYP),[Artère coronaire],2843,2844,2845
[Radiographie: #3‹],(Cible),[Partie du corps humain spécifiée],2846,2847,2848
[Partie du corps humain spécifiée],(00.TYP),[Veine],2848,2849,2850
[Radiographie: #4‹],(Cible),[Partie du corps humain spécifiée],2851,2852,2853
[Partie du corps humain spécifiée],(00.TYP),[Voie urinaire],2853,2854,2855
[Radiographie: #5‹],(Cible),[Partie du corps humain spécifiée],2856,2857,2858
[Partie du corps humain spécifiée],(00.TYP),[Vessie],2858,2859,2860
[Radiographie: #6‹],(Cible),[Partie du corps humain spécifiée],2861,2862,2863
[Partie du corps humain spécifiée],(00.TYP),[Voie Biliaire],2863,2864,2865
[Renseignement],(a_objet),[Traitement],2866,2867,2868
[Renseignement],(a_objet),[État de Santé],2869,2870,2871
[Résultat: #1‹],(CARD),[Nombre: #1],851,2872,2873
[Nombre: #1],(0.a_pour_valeur),[Valeur: 1],2873,2874,2875
[Résultat: #1‹],(CARD),[Nombre: #2],851,2876,2877
[Nombre: #2],(0.a_pour_valeur),[Valeur: 1],2877,2878,2879
[Résultat: #1‹],(CARD),[Nombre: #3],851,2880,2881
[Nombre: #3],(0.a_pour_valeur),[Valeur: 1],2881,2882,2883
[Résultat: #1‹],(CARD),[Nombre: #4],851,2884,2885
[Nombre: #4],(0.a_pour_valeur),[Valeur: 1],2885,2886,2887
[Résultat: #1‹],(CARD),[Nombre: #5],851,2888,2889
[Nombre: #5],(0.a_pour_valeur),[Valeur: 1],2889,2890,2891
[Résultat: #1‹],(CARD),[Nombre: #6],851,2892,2893
[Nombre: #6],(0.a_pour_valeur),[Valeur: 1],2893,2894,2895
[Résultat: #1‹],(CARD),[Nombre: #7],851,2896,2897
[Nombre: #7],(0.a_pour_valeur),[Valeur: 1],2897,2898,2899
[Résultat: #1‹],(CARD),[Nombre: #99],851,2900,2901
[Nombre: #99],(0.a_pour_valeur),[Valeur: 1],2901,2902,2903
[Santé Mentale],(---¬),[Contenu],2904,2905,2906
[Contenu],(est_contenu_pour),[Message],2906,2907,2908
[Message],(04.a_destinataire),[Interlocuteur],2908,2909,2910
[Interlocuteur],(01.DESCR),[Médecin: #z],2910,2911,2912
[Signe Cutané: €‹],(ELT),[Ictère: #G1],2913,2914,2915
[Signe Digestif: €‹],(0.a_pour_valeur),[Valeur: #?],2916,2917,2918
[Signe Digestif: €‹],(ELT),[Ballonnement Abdominal],2916,2919,2920
[Signe Digestif: €‹],(ELT),[Circulation Veineuse Collatérale],2916,2921,2922
[Signe Digestif: €‹],(ELT),[Constipation],2916,2923,2924
[Signe Digestif: €‹],(ELT),[Diarrhée: #G0],2916,2925,2926
[Signe Digestif: €‹],(ELT),[Diarrhée: #G1],2916,2927,2928
[Signe Digestif: €‹],(ELT),[Douleur: #G0‹],2916,2929,2930
[Douleur: #G0‹],(LOC),[Tout ou Partie de l'Abdomen: #1‹],2930,2931,2932
[Signe Digestif: €‹],(ELT),[Douleur: #G1‹],2916,2933,1137
[Douleur: #G1‹],(LOC),[Tout ou Partie de l'Abdomen: #1‹],1137,2934,2932
[Signe Digestif: €‹],(ELT),[Douleur: #GA],2916,2935,2936
[Douleur: #GA],(LOC),[Anus],2936,2937,2938
[Signe Digestif: €‹],(ELT),[Dysphagie],2916,2939,2940
[Signe Digestif: €‹],(ELT),[Grosseur],2916,2941,2942
[Signe Digestif: €‹],(ELT),[Incontinence],2916,2943,2944
[Incontinence],(LOC),[Anus],2944,2945,2946
[Signe Digestif: €‹],(ELT),[Nausée: #G0],2916,2947,2948
[Signe Digestif: €‹],(ELT),[Nausée: #G1],2916,2949,2950
[Signe Digestif: €‹],(ELT),[Prurit],2916,2951,2952
[Prurit],(LOC),[Anus],2952,2953,2954
[Signe Digestif: €‹],(ELT),[Pyrosis],2916,2955,2956
[Signe Digestif: €‹],(ELT),[Saignement],2916,2957,2958
[Signe Digestif: €‹],(ELT),[Vomissement: #G0],2916,2959,2960
[Signe Digestif: €‹],(ELT),[Vomissement: #G1],2916,2961,2962
[Signe Génito-Urinaire: €‹],(0.a_pour_valeur),[Valeur: #?],2963,2964,2965
[Signe Génito-Urinaire: €‹],(ELT),[Brûlure Mictionnelle: #U0],2963,2966,2967
[Signe Génito-Urinaire: €‹],(ELT),[Brûlure Mictionnelle: #U1],2963,2968,2969
[Signe Génito-Urinaire: €‹],(ELT),[Douleur: #U0],2963,2970,2971
[Douleur: #U0],(LOC),[Fosse Lombaire],2971,2972,2973
[Signe Génito-Urinaire: €‹],(ELT),[Douleur: #U1],2963,2974,2975
[Douleur: #U1],(LOC),[Fosse Lombaire],2975,2976,2977
[Signe Génito-Urinaire: €‹],(ELT),[Douleur: #U],2963,2978,2979
[Douleur: #U],(LOC),[Hypogastre],2979,2980,2981
[Signe Génito-Urinaire: €‹],(ELT),[Dysurie],2963,2982,2983
[Signe Génito-Urinaire: €‹],(ELT),[Ecoulement],2963,2984,2985
[Ecoulement],(voie),[Orifice Uro-génital],2985,2986,2987
[Signe Génito-Urinaire: €‹],(ELT),[Incontinence Urinaire],2963,2988,2989
[Signe Génito-Urinaire: €‹],(ELT),[Oligo-anurie],2963,2990,2991
[Signe Génito-Urinaire: €‹],(ELT),[Pollakiurie],2963,2992,2993
[Signe Génito-Urinaire: €‹],(ELT),[Polyurie],2963,2994,2995
[Signe ORL: €‹],(ELT),[Douleur: #O],2996,2997,2998
[Douleur: #O],(LOC),[Oreille],2998,2999,3000
[Signe ORL: €‹],(ELT),[Douleur: #P],2996,3001,3002
[Douleur: #P],(LOC),[Pharynx],3002,3003,3004
[Signe ORL: €‹],(ELT),[Douleur: #T],2996,3005,3006
[Douleur: #T],(LOC),[Tête],3006,3007,3008
[Lieu],(01.DESCR),[Cabinet Médical: #c],3012,3013,3014
[Personne: #x],(----),[Personne: #],3017,3018,3019
[Personne: #],(a_emploi),[Emploi],3019,3020,3021
[Personne: #x],(---¬),[Personne: #],3023,3024,3025
[Personne: #],(a_emploi),[Emploi],3025,3026,3027
[Situation: #e‹],(05.CAUS),[Invalidité],3015,3028,3029
[Situation: #e‹],(DUR),[Durée: t = age],3015,3030,3031
[Sommeil: #1‹],(moment),[Nuit],3032,3033,3034
[Sommeil: #2],(occurence),[Fréquent],3035,3036,3037
[Sommeil: #2],(occurence),[ND],3038,3039,3040
[Sommeil: #2],(occurence),[Rare],3041,3042,3043
[Sport: #26‹],(TYP),[Autre],3044,3045,3046
[Autre],(0.a_pour_valeur),[Libellé: #?],3046,3047,3048
[Processus Pathologique Chronique],(TYP),[HTA: #1‹],3050,3051,239
[Processus Pathologique Chronique],(TYP),[Hyperlipidémie],3053,3054,3055
[Processus Pathologique Chronique],(TYP),[Insomnie],3057,3058,3059
[Processus Pathologique Chronique],(TYP),[Surcharge Pondérale],3061,3062,3063
[Processus Pathologique Chronique],(TYP),[Diabète],3065,3066,3067
[Processus Pathologique Chronique],(TYP),[Dépression],3069,3070,3071
[Processus Pathologique Chronique],(TYP),[Maladie Coronarienne],3073,3074,3075
[Processus Pathologique Chronique],(TYP),[Constipation],3077,3078,3079
[Processus Pathologique Chronique],(TYP),[Ménopause],3081,3082,3083
[Processus Pathologique Chronique],(TYP),[Colite],3085,3086,3087
[Processus Pathologique Chronique],(TYP),[Arthrose] ,3089,3090,3091
[Processus Pathologique Chronique],(TYP),[Asthme],3093,3094,3095
[Processus Pathologique Chronique],(TYP),[Varice],3097,3098,3099
[Varice],(LOC),[Membre Inférieur],3099,3100,3101
[Processus Pathologique Chronique],(TYP),[Lourdeurs de jambe],3103,3104,3105
[Processus Pathologique Chronique],(TYP),[Hypothyroïdie],3107,3108,3109
[Processus Pathologique Chronique],(TYP),[Addiction],3111,3112,3113
[Addiction],(AGT),[Alcool],3113,3114,3115
[Processus Pathologique Chronique],(TYP),[Addiction],3117,3118,3119
[Addiction],(AGT),[Tabac],3119,3120,3121
[Suivi: #18‹],(PAT),[Processus Pathologique Chronique],3122,3123,3124
[Processus Pathologique Chronique],(TYP),[Maladie Thrombo-embolique],3124,3125,3126
[Processus Pathologique Chronique],(TYP),[Cancer],3128,3129,3130
[Processus Pathologique Chronique],(TYP),[Fibrillation Auriculaire],3132,3133,3134
[Processus Pathologique Chronique],(TYP),[Insuffisance Cardiaque],3136,3137,3138
[Processus Pathologique Chronique],(TYP),[Bronchite Chronique],3140,3141,3142
[Processus Pathologique Chronique],(TYP),[Apnée du sommeil],3144,3145,3146
[Processus Pathologique Chronique],(TYP),[Maladie de Parkinson],3148,3149,3150
[Processus Pathologique Chronique],(TYP),[Eczéma],3152,3153,3154
[Processus Pathologique Chronique],(TYP),[Maladie infectieuse],3156,3157,3158
[Processus Pathologique Chronique],(TYP),[Maladie],3160,3161,3162
[Maladie],(0.a_pour_valeur),[Valeur: #?],3162,3163,3164
[Surveillance: #1‹],(AGT),[Patient],3165,3166,3167
[Surveillance: #1‹],(RESULT),[Tension Artérielle Diastolique],3165,3168,3169
[Tension Artérielle Diastolique],(0.a_pour_valeur),[Valeur: #?],3169,3170,3171
[Surveillance: #1‹],(RESULT),[Tension Artérielle Systolique],3165,3172,3173
[Tension Artérielle Systolique],(0.a_pour_valeur),[Valeur: #?],3173,3174,3175
[Syndrôme Dépressif: #1‹],(ELT),[Anhédonie],2719,3176,3177
[Fin],(Time),[Temps: t < #maintenant],3179,3180,3181
[Fin],(Time),[Temps: t > #maintenant],3183,3184,3185
[Syndrôme Fébrile: #1‹],(PAT-1),[Evolution],1985,3186,3187
[Evolution],(TYP),[Non spécifié],3187,3188,3189
[Syndrôme Fébrile: #1‹],(SIGN),[Température: #1],1985,3190,3191
[Séjour: #‹],(DATE),[Il y a],2411,3192,3193
[Il y a],(0.a_pour_valeur),[Valeur: #?],3193,3194,3195
[Température: #1],(0.a_pour_valeur),[Valeur: #?],3196,3197,3198
[Test de Fagerström: #7],(0.a_pour_valeur),[Valeur: 0],3199,3200,3201
[Test de Fagerström: #7],(0.a_pour_valeur),[Valeur: 1],3202,3203,3204
[Test de Fagerström: #7],(0.a_pour_valeur),[Valeur: 2],3205,3206,3207
[Test de Fagerström: #7],(0.a_pour_valeur),[Valeur: 3],3208,3209,3210
[Test de Fagerström: #8],(0.a_pour_valeur),[Valeur: 0],3211,3212,3213
[Test de Fagerström: #8],(0.a_pour_valeur),[Valeur: 1],3214,3215,3216
[Test de Fagerström: #8],(0.a_pour_valeur),[Valeur: 2],3217,3218,3219
[Test de Fagerström: #8],(0.a_pour_valeur),[Valeur: 3],3220,3221,3222
[Traitement: #tt1‹],(----),[Données],3223,3224,3225
[Données],(SOURC),[Information],3225,3226,3227
[Information],(BENEF),[Médecin: #y],3227,3228,3229
[Traitement: #tt1‹],(---¬),[Données],3223,3230,3231
[Données],(SOURC),[Information],3231,3232,3233
[Information],(BENEF),[Médecin: #y],3233,3234,3235
[Traitement: #tt1‹],(PAT),[Patient: #x],3223,3236,3237
[Traitement: #tt‹],(DUR),[Durée: > 6 mois],3238,3239,3240
[Traitement],(a_constituant),[Thérapie],3241,3242,3243
[TRAITEMENTS],(PART-1),[Dossier Médical],3244,3245,3246
[Union: #u‹],(FIN),[Date: t < maintenant],2437,3247,3248
[Union: #u‹],(FIN),[Date: t > maintenant],2437,3249,3250
[Voyage],(a_début),[Début: t > #Maintenant],3251,3252,3253
